Group	uGroup	Grade	XQGRade	CNProblems	QGrade	Year	DAG	N,Sessions	N,Sessions,Before	N,Sessions,After	N,Sessions,Solve	Days,AcademicPeriod	Mins,AcademicPeriod	Mins,GroupPeriod	Newcomer	Mins,Starter	Mins,ReactionTime	Mins,EarlyBird	Mins,ClosingTime	Mins,Sessions	Mins,Sessions,Before	Mins,Sessions,After	LARVA	N,ProblemsSolved	PATH	Mins,Day	W Problems Solved	Size	RWSP	MAN	MAN01	SIM	MDN	Degree1	Degree2	Degree3	Degree4	Degree5	Degree6	Degree7	Degree8	Degree9	FDegree1	FDegree2	FDegree3	FDegree4	FDegree5	FDegree6	FDegree7	FDegree8	FDegree9	LAP1	LAP2	LAP3	LAP4	LAP5	LAP6	LAP7	LAP8	LAP9	LAP10	FLAP1	FLAP2	FLAP3	FLAP4	FLAP5	FLAP6	FLAP7	FLAP8	FLAP9	KM	
DBA 1516 P2 GA	DBA_1516_P2_GA_	8,800	2	83	Q2	Y2015	1,931	792	519	273	120	32,801	47233,333	0,975	0,753	0,000	0,160	0,906	0,939	0,002	0,001	0,001	NO	8	P1 P5 P6 P2 P3 P4 P7 P8	2,403	0,928	1	0,072	10,392	2,828	0,775	2,002	4	12	14	60	62	64	68	70	78	4	14	14	64	64	64	64	64	70	1	1	1	6912	6912	6912	10368	10368	43008	43008	1	2	2	27000	27000	27000	27000	27000	64800	3	1
DBA 1516 P2 GB	DBA_1516_P2_GB	8,800	2	83	Q3	Y2015	1,326	111	51	60	50	32,801	47233,333	0,422	0,782	16,914	0,051	0,823	0,906	0,001	0,001	0,000	NO	8	P1 P2 P3 P4 P5 P6 P7 P8	1,167	0,879	1	0,121	11,136	2,828	0,793	1,784	4	8	14	16	18	28	32	36	46	4	8	14	14	14	24	26	30	32	1	1	2	2	2	8	16	16	256	256	1	1	2	2	2	16	16	16	16	2	3
DBA 1516 P2 GC	DBA_1516_P2_GC	10,000	4	93	Q4	Y2015	0,625	337	89	248	195	32,801	47233,333	0,435	0,392	12,759	0,045	0,440	0,797	0,004	0,000	0,004	NO	9	P1 P4 P5 P6 P2 P3 P7 P8 P9	6,333	0,476	1	0,524	8,718	3,000	0,910	0,525	4	8	10	12	14	18	20	22	90	4	8	8	8	8	12	12	12	56	1	1	1	1	1	1	1	1	1105920	1935360	1	1	1	1	1	1	1	1	2048	3	1
DBA 1516 P2 GD	DBA_1516_P2_GD	8,800	2	83	Q3	Y2015	1,483	378	251	127	80	32,801	47233,333	0,590	0,744	12,782	0,051	0,793	0,798	0,003	0,001	0,002	NO	8	P1 P2 P4 P5 P6 P8 P3 P7	4,058	0,835	1	0,165	8,718	2,828	0,795	1,897	4	8	12	14	16	20	28	30	50	4	8	12	12	12	16	24	24	46	1	1	1	1	1	1	4	4	432	432	1	1	1	1	1	1	4	4	216	2	3
DBA 1516 P2 GE	DBA_1516_P2_GE	8,800	2	94	Q3	Y2015	1,067	736	180	556	147	32,801	47233,333	0,623	0,634	11,609	0,062	0,700	0,966	0,004	0,001	0,004	NO	9	P1 P2 P3 P4 P5 P6 P7 P8 P9	6,426	0,731	1	0,269	10,050	3,000	0,919	1,256	4	10	12	14	16	18	24	32	98	4	10	10	10	10	10	16	22	86	1	2	2	2	2	2	2	8	1474560	9953280000000	1	2	2	2	2	2	2	4	691200	3	2
DBA 1516 P2 GF	DBA_1516_P2_GF	9,200	3	83	Q3	Y2015	1,290	356	149	207	110	32,801	47233,333	0,580	0,630	13,021	0,053	0,683	0,819	0,003	0,000	0,002	NO	8	P1 P2 P4 P3 P5 P6 P8 P7	4,025	0,755	1	0,245	6,856	2,828	0,726	1,458	4	14	16	20	26	28	32	60	86	4	14	16	20	20	20	24	46	60	1	2	2	2	8	8	8	5832	972000	972000	1	2	2	3	3	3	3	384	3840	3	1
DBA 1516 P2 GG	DBA_1516_P2_GG	8,200	1	94	Q1	Y2015	1,084	462	289	173	68	32,801	47233,333	0,739	0,612	7,730	0,075	0,691	0,911	0,003	0,001	0,002	NO	9	P1 P2 P3 P4 P5 P6 P8 P7 P9	5,016	0,714	1	0,286	9,220	3,000	0,925	0,590	4	8	10	12	14	16	20	28	66	4	10	10	10	10	10	14	24	50	1	1	1	1	1	1	1	4	3240	9072	1	2	2	2	2	2	2	16	1024	2	1
DBA 1516 P2 GH	DBA_1516_P2_GH	9,600	4	94	Q3	Y2015	0,849	706	426	280	215	32,801	47233,333	0,764	0,300	4,654	0,078	0,380	0,725	0,004	0,001	0,003	NO	9	P1 P2 P3 P4 P5 P6 P8 P7 P9	5,681	0,422	1	0,578	8,944	3,000	0,947	1,043	4	18	20	22	24	26	30	62	98	4	20	20	20	20	20	24	50	64	1	4	4	4	4	4	4	2880	1105920	3317760	1	6	6	6	6	6	6	480	7200	3	1
DBA 1516 P2 GI	DBA_1516_P2_GI	9,120	3	83	Q3	Y2015	0,924	611	193	418	155	32,801	47233,333	0,822	0,497	5,802	0,355	0,808	0,970	0,004	0,001	0,003	NO	8	P1 P2 P3 P4 P5 P6 P8 P9	5,983	0,914	0	0,086	10,198	2,828	0,854	0,732	6	20	22	30	34	50	64	72	84	6	22	22	28	30	42	50	66	74	1	6	6	48	96	864	12288	49152	409600	409600	1	12	12	16	16	60	160	7680	46080	3	1
DBA 1617 P2 GA	DBA_1617_P2_GA	10,000	4	94	Q4	Y2016	0,768	191	107	84	74	23,531	33883,950	0,542	0,576	9,864	0,075	0,663	0,767	0,001	0,000	0,000	NO	9	P1 P3 P5 P2 P4 P7 P8 P6 P9	0,943	0,682	0	0,318	10,296	3,000	0,944	0,948	4	10	20	42	44	48	50	58	66	4	12	20	38	38	40	40	42	46	1	1	2	96	96	128	128	1024	4608	13824	1	2	3	32	32	32	32	40	40	2	1
DBA 1617 P2 GB	DBA_1617_P2_GB	9,440	3	94	Q3	Y2016	1,123	742	144	598	182	23,531	33883,950	0,658	0,435	7,488	0,177	0,621	0,896	0,011	0,002	0,009	NO	9	P1 P3 P4 P5 P7 P2 P6 P8 P9	16,161	0,671	1	0,329	7,810	3,000	0,933	1,257	4	14	20	22	26	64	68	72	128	4	16	24	24	28	56	56	58	112	1	4	4	4	4	7680	9600	14400	6220800000000	48384000000000	1	6	12	12	12	2592	2592	2592	276480000000	1	2
DBA 1617 P2 GD	DBA_1617_P2_GD	8,790	2	94	Q1	Y2016	0,854	362	69	293	215	23,531	33883,950	0,343	0,660	14,326	0,005	0,678	0,687	0,004	0,000	0,004	NO	9	P1 P2 P3 P4 P5 P7 P8 P6 P9	6,425	0,683	1	0,317	8,832	3,000	0,946	0,804	4	12	16	18	20	26	28	30	34	4	14	14	14	14	22	22	22	26	1	1	2	2	2	4	4	4	4	233280000000	1	2	2	2	2	12	12	12	12	2	2
DBA 1617 P2 GE	DBA_1617_P2_GE	9,350	3	93	Q3	Y2016	1,134	574	97	477	352	23,531	33883,950	0,987	0,518	0,000	0,032	0,560	0,666	0,003	0,000	0,003	NO	9	P1 P2 P3 P4 P5 P6 P8 P9 P7	3,838	0,614	1	0,386	11,358	3,000	0,960	1,652	4	18	20	22	24	26	30	34	72	4	22	22	22	22	22	26	30	58	1	4	4	4	4	4	4	4	19440	2449440	1	16	16	16	16	16	16	16	4608	3	1
DBA 1617 P2 GF	DBA_1617_P2_GF	8,860	2	94	Q2	Y2016	1,067	173	77	96	50	23,531	33883,950	0,377	0,699	13,634	0,033	0,745	0,880	0,001	0,000	0,001	NO	9	P1 P2 P5 P3 P4 P6 P7 P8 P9	1,295	0,779	1	0,221	12,961	3,000	0,964	1,326	6	10	24	28	32	36	38	40	46	6	8	22	28	28	28	28	28	34	1	2	12	12	18	36	36	36	72	384	1	1	8	16	16	16	16	16	24	2	3
DBA 1617 P2 GG	DBA_1617_P2_GG	9,230	3	94	Q2	Y2016	1,138	867	244	623	213	23,531	33883,950	0,319	0,744	15,180	0,081	0,839	0,943	0,006	0,001	0,005	NO	9	P1 P2 P3 P4 P5 P6 P7 P8 P9	8,335	0,862	1	0,138	8,246	3,000	0,963	1,206	4	24	28	30	32	34	36	50	112	4	22	22	22	22	22	22	30	64	1	4	6	6	6	6	6	192	3870720000000	3870720000000	1	4	4	4	4	4	4	24	4608	1	2
DBA 1617 P2 GH	DBA_1617_P2_GH	9,750	4	94	Q3	Y2016	1,063	883	172	711	168	23,531	33883,950	0,663	0,734	7,767	0,121	0,870	0,939	0,007	0,001	0,005	NO	9	P1 P2 P4 P5 P6 P8 P9 P3 P7	9,440	0,904	1	0,096	9,220	3,000	0,887	0,775	6	12	20	22	36	40	44	48	54	6	12	18	18	32	36	40	44	52	1	2	6	6	96	96	96	192	384	1049760	1	2	4	4	32	32	32	64	192	2	1
DBA 1617 P2 GI	DBA_1617_P2_GI	10,000	4	84	Q4	Y2016	1,203	374	129	245	131	23,531	33883,950	0,550	0,712	9,997	0,044	0,756	0,788	0,021	0,003	0,018	NO	8	P1 P2 P3 P4 P5 P7 P8 P6	30,703	0,813	1	0,187	7,681	2,828	0,802	1,434	4	8	10	12	14	18	20	24	62	4	10	10	10	10	14	14	22	38	1	1	1	1	1	1	1	1	12960	12960	1	2	2	2	2	2	2	8	288	2	1
DBA 1617 P2 GJ	DBA_1617_P2_GJ	7,480	1	73	Q1	Y2016	1,170	372	249	123	52	23,531	33883,950	0,646	0,675	7,729	0,172	0,813	0,893	0,001	0,000	0,001	NO	7	P1 P3 P5 P7 P4 P6 P2	2,045	0,898	0	0,102	19,672	2,646	0,602	1,364	6	14	24	28	30	32	38	38	38	6	16	28	32	32	32	38	40	40	1	3	3	6	6	6	6	6	6	6	1	8	12	24	24	24	24	36	36	2	3
DBA 1718 P2 GA	DBA_1718_P2_GA	7,340	1	94	Q2	Y2017	1,732	232	176	56	47	29,932	43102,517	0,716	0,748	7,579	0,062	0,812	0,815	0,001	0,000	0,001	NO	9	P1 P2 P3 P5 P6 P4 P7 P8 P9	1,863	0,814	1	0,186	13,153	3,000	0,937	2,036	4	8	10	12	14	20	24	26	30	4	10	10	10	10	10	10	10	14	1	1	1	1	1	4	8	8	8	96	1	2	2	2	2	2	2	2	2	2	3
DBA 1718 P2 GB	DBA_1718_P2_GB	7,560	1	94	Q3	Y2017	1,283	1421	1015	406	159	29,932	43102,517	0,981	0,334	0,000	0,270	0,605	0,980	0,002	0,001	0,001	NO	9	P1 P2 P3 P4 P5 P7 P6 P8 P9	2,571	0,664	1	0,336	10,630	3,000	0,947	1,370	4	32	34	38	40	46	58	60	82	4	42	42	44	44	46	54	54	60	1	24	24	48	48	128	1536	1536	442368	442368	1	288	288	288	288	288	576	576	576	3	1
DBA 1718 P2 GC	DBA_1718_P2_GC	6,990	1	94	Q1	Y2017	1,411	442	149	293	78	29,932	43102,517	0,514	0,801	13,987	0,077	0,880	0,968	0,001	0,000	0,001	NO	9	P1 P3 P4 P5 P7 P2 P6 P8 P9	1,612	0,909	1	0,091	11,747	3,000	0,928	1,693	4	8	22	24	28	34	36	40	66	4	10	28	28	32	38	38	40	56	1	1	8	8	8	16	16	32	7776	55296	1	2	48	48	48	64	64	64	640	3	1
DBA 1718 P2 GD	DBA_1718_P2_GD	8,470	2	94	Q3	Y2017	0,924	443	225	218	85	29,932	43102,517	0,928	0,241	1,207	0,187	0,428	0,935	0,001	0,000	0,001	NO	9	P1 P3 P5 P4 P7 P2 P8 P6 P9	1,675	0,513	1	0,487	10,198	3,000	0,953	0,874	4	14	22	26	32	36	50	56	74	4	12	20	22	30	32	44	44	50	1	2	6	12	12	18	216	576	48384	663552	1	1	4	4	6	6	108	108	216	3	1
DBA 1718 P2 GE	DBA_1718_P2_GE	7,610	1	84	Q3	Y2017	1,352	516	225	291	115	29,932	43102,517	0,531	0,824	13,997	0,070	0,890	0,911	0,001	0,000	0,001	NO	8	P1 P2 P3 P4 P5 P7 P8 P6	0,893	0,925	1	0,075	9,381	2,828	0,770	1,619	4	26	28	30	32	36	40	44	78	4	28	28	28	28	30	32	36	48	1	3	3	3	3	6	12	18	138240	138240	1	8	8	8	8	8	8	16	128	3	1
DBA 1718 P2 GG	DBA_1718_P2_GG	9,220	3	94	Q4	Y2017	1,016	334	47	287	208	29,932	43102,517	0,603	0,581	11,316	0,019	0,601	0,773	0,001	0,000	0,001	NO	9	P1 P2 P3 P5 P4 P7 P6 P8 P9	2,021	0,649	1	0,351	8,544	3,000	0,950	0,706	4	8	10	14	20	22	24	44	60	4	10	10	14	22	22	22	38	44	1	1	1	1	1	1	1	96	3072	207360	1	2	2	2	4	4	4	30	30	2	1
DBA 1718 P2 GH	DBA_1718_P2_GH	6,460	1	84	Q1	Y2017	1,965	273	199	74	40	29,932	43102,517	0,235	0,803	22,304	0,033	0,837	0,915	0,000	0,000	0,000	NO	8	P1 P2 P3 P4 P5 P8 P6 P7	0,659	0,879	1	0,121	10,100	2,828	0,798	1,888	4	8	14	20	22	28	34	48	56	4	10	10	14	14	20	28	40	46	1	1	4	6	6	6	6	384	2048	2048	1	2	2	2	2	2	4	48	288	2	3
DBA 1819 P2 GB	DBA_1819_P2_GB	8,230	2	82	Q2	Y2018	1,196	148	19	129	44	17,289	24896,317	0,603	0,470	6,583	0,016	0,470	0,878	0,022	0,000	0,021	YES	8	P1 P2 P7 P4 P5 P6 P9 P8	31,287	0,535	1	0,465	8,307	2,828	0,884	1,281	6	8	10	12	14	18	20	54	66	6	6	6	6	6	6	6	36	44	1	1	1	1	1	2	2	576	6912	6912	1	1	1	1	1	1	1	48	160	3	1
DBA 1819 P2 GC	DBA_1819_P2_GC	8,910	2	82	Q3	Y2018	1,103	178	80	98	51	17,289	24896,317	0,748	0,378	3,893	0,183	0,577	0,943	0,017	0,012	0,005	YES	8	P2 P1 P6 P9 P5 P7 P8 P3	25,010	0,630	1	0,370	6,856	2,828	0,847	1,480	18	20	22	24	46	50	58	60	64	18	18	18	18	32	36	42	42	44	2	2	2	2	480	720	2880	2880	8640	8640	2	2	2	2	32	48	72	72	108	3	1
DBA 1819 P2 GD	DBA_1819_P2_GD	9,730	4	82	Q3	Y2018	1,132	190	42	148	73	17,289	24896,317	0,986	0,053	0,000	0,191	0,253	0,570	0,012	0,002	0,010	YES	8	P1 P2 P7 P6 P5 P9 P8 P3	16,950	0,368	1	0,632	6,481	2,828	0,823	1,039	16	18	22	28	54	58	64	78	96	16	16	20	24	44	44	50	54	68	3	3	6	12	1728	2160	8640	72000	907200	907200	3	3	6	12	432	432	864	2304	8640	3	1
DBA 1819 P2 GE	DBA_1819_P2_GE	8,460	2	82	Q3	Y2018	0,858	158	22	136	38	17,289	24896,317	0,582	0,467	6,833	0,073	0,520	0,993	0,014	0,001	0,013	YES	8	P1 P6 P7 P3 P2 P8 P9 P5	20,821	0,563	1	0,437	7,211	2,828	0,846	1,023	6	8	10	12	16	26	42	94	96	6	6	6	6	6	16	26	66	66	1	1	1	1	2	4	144	1296000	1620000	1620000	1	1	1	1	1	2	16	21600	21600	3	1
DBA 1819 P2 GF	DBA_1819_P2_GF	8,140	1	92	Q2	Y2018	1,170	190	64	126	67	17,289	24896,317	0,780	0,394	3,623	0,244	0,654	0,796	0,016	0,003	0,013	YES	9	P1 P4 P5 P2 P6 P7 P3 P8 P9	23,662	0,708	1	0,292	7,810	3,000	0,910	0,984	14	16	28	30	32	42	48	54	58	14	16	24	24	24	34	36	36	36	1	1	12	12	12	30	72	192	384	90720	1	1	8	8	8	20	20	20	20	2	1
DBA 1819 P2 GG	DBA_1819_P2_GG	9,260	3	92	Q3	Y2018	1,060	266	106	160	79	17,289	24896,317	0,552	0,491	7,425	0,330	0,840	0,989	0,052	0,037	0,014	YES	9	P2 P1 P3 P4 P6 P8 P7 P9 P5	74,270	0,868	0	0,132	8,124	3,000	0,911	1,223	16	26	30	46	50	54	58	80	96	16	22	26	40	40	40	42	56	68	2	24	24	180	360	720	1440	81000	1244160	1935360	2	6	6	48	48	48	48	960	30720	3	1
DBA 1819 P2 GH	DBA_1819_P2_GH	7,960	1	92	Q1	Y2018	1,119	434	65	369	75	17,289	24896,317	0,889	0,212	1,640	0,129	0,350	0,574	0,048	0,002	0,046	YES	9	P6 P1 P2 P3 P7 P4 P9 P5 P8	69,547	0,392	1	0,608	7,937	3,000	0,940	0,643	18	20	22	24	34	50	52	76	80	18	18	18	20	22	36	36	56	56	4	4	4	4	48	864	864	82944	96768	1224720000000	4	4	4	4	4	144	144	2304	2304	3	2
DBA 1819 P2 GI	DBA_1819_P2_GI	7,390	1	72	Q1	Y2018	0,996	242	152	90	36	17,289	24896,317	0,682	0,246	3,774	0,305	0,569	0,649	0,007	0,003	0,003	YES	7	P1 P2 P4 P3 P6 P7 P9	9,376	0,715	1	0,285	6,928	2,646	0,761	1,246	40	44	48	66	72	84	86	92	92	40	42	42	60	60	68	68	70	70	432	576	1152	23040	55296	259200	259200	864000	864000	864000	432	432	432	6480	6480	34560	34560	51840	51840	3	1
DBA 1819 P2 GJ	DBA_1819_P2_GJ	8,140	1	92	Q2	Y2018	0,976	373	27	346	162	17,289	24896,317	0,516	0,472	7,820	0,132	0,624	0,920	0,006	0,003	0,003	YES	9	P1 P6 P7 P9 P3 P2 P5 P8 P4	9,290	0,629	1	0,371	6,403	3,000	0,897	1,049	12	14	16	18	32	36	50	72	90	12	12	12	12	24	26	30	42	58	1	1	1	1	4	8	144	18432	725760	530841600000000	1	1	1	1	2	2	2	96	5184	3	2
DBA 1819 P2 GK	DBA_1819_P2_GK	9,640	4	92	Q3	Y2018	1,137	575	212	363	140	17,289	24896,317	0,888	0,163	1,800	0,400	0,569	0,909	0,132	0,030	0,102	YES	9	P1 P2 P3 P8 P7 P4 P9 P6 P5	190,099	0,597	1	0,403	7,141	3,000	0,888	1,174	50	58	64	66	68	72	88	106	108	50	58	62	64	64	64	74	80	80	2160	8640	14400	14400	14400	18000	202500	5103000	5103000	47628000000000	2160	8640	11520	11520	11520	11520	57600	57600	57600	3	2
DBA 1819 P2 GL	DBA_1819_P2_GL	10,000	4	62	Q4	Y2018	0,814	57	25	32	19	17,289	24896,317	0,846	0,400	2,010	0,340	0,726	0,967	0,008	0,002	0,005	YES	6	P1 P5 P9 P4 P2 P6	11,045	0,894	0	0,106	7,141	2,449	0,672	1,098	6	16	22	24	26	36	42	42	42	6	18	20	20	20	24	34	34	34	1	2	8	8	8	128	192	192	192	192	1	4	8	8	8	12	72	72	72	2	3
DBA 1920 P2 GB	DBA_1920_P2_GB	8,220	1	94	Q1	Y2019	1,016	250	33	217	72	27,316	39334,517	0,203	0,820	21,143	0,003	0,843	0,869	0,021	0,008	0,013	YES	9	P1 P2 P3 P4 P5 P6 P7 P9 P8	30,703	0,857	1	0,143	8,944	3,000	0,954	0,131	4	8	12	18	32	42	44	52	62	4	8	12	16	28	30	30	38	44	1	1	1	2	48	324	324	432	1620	13063680000000	1	1	1	1	16	16	16	32	48	2	2
DBA 1920 P2 GC	DBA_1920_P2_GC	7,900	1	83	Q1	Y2019	1,062	482	243	239	128	27,316	39334,517	0,894	0,337	2,671	0,243	0,619	0,916	0,001	0,000	0,001	YES	8	P1 P2 P3 P4 P5 P7 P6 P8	1,657	0,733	1	0,267	7,211	2,828	0,739	1,210	12	14	20	22	24	26	68	78	92	12	12	16	16	16	18	52	60	72	2	2	6	6	6	6	34992	209952	2799360	2799360	2	2	4	4	4	4	768	4608	31104	3	1
DBA 1920 P2 GD	DBA_1920_P2_GD	9,330	3	94	Q3	Y2019	0,690	348	22	326	139	27,316	39334,517	0,618	0,346	8,828	0,008	0,362	0,400	0,028	0,000	0,027	YES	9	P1 P2 P3 P4 P5 P6 P7 P8 P9	39,895	0,377	1	0,623	6,928	3,000	0,898	0,248	2	4	8	10	14	36	38	40	44	2	2	6	6	10	26	26	26	30	1	1	1	1	1	48	48	48	48	3870720000000	1	1	1	1	1	8	8	8	8	2	2
DBA 1920 P2 GE	DBA_1920_P2_GE	8,950	3	94	Q3	Y2019	0,877	329	178	151	70	27,316	39334,517	0,714	0,082	2,174	0,205	0,289	0,376	0,001	0,000	0,001	YES	9	P5 P4 P3 P2 P1 P7 P6 P8 P9	1,508	0,302	1	0,698	8,660	3,000	0,964	0,257	20	24	30	34	36	52	58	66	78	20	22	28	30	30	36	42	46	48	8	16	48	96	96	3456	3456	18432	276480	371589120000000	8	16	48	96	96	192	192	288	384	3	2
DBA 1920 P2 GF	DBA_1920_P2_GF	8,940	2	94	Q3	Y2019	0,668	1111	209	902	280	27,316	39334,517	0,730	0,435	7,177	0,124	0,570	0,663	0,007	0,000	0,007	YES	9	P1 P2 P5 P3 P4 P6 P7 P8 P9	10,294	0,608	1	0,392	7,810	3,000	0,887	0,124	6	8	10	26	36	38	40	46	88	6	6	6	24	32	32	32	34	66	1	1	1	6	27	27	27	108	207360	1194393600000000000	1	1	1	12	54	54	54	54	28800	3	2
DBA 1920 P2 GH	DBA_1920_P2_GH	8,420	2	94	Q2	Y2019	1,169	260	150	110	57	27,316	39334,517	0,995	0,022	0,000	0,568	0,591	0,866	0,016	0,016	0,001	YES	9	P5 P8 P7 P4 P1 P9 P6 P2 P3	23,402	0,591	1	0,409	10,536	3,000	0,838	0,489	24	30	32	38	44	58	62	64	68	24	28	28	30	30	42	42	42	42	4	8	8	32	96	1728	3456	3456	4608	73728	4	6	6	12	12	30	30	30	30	2	1
DBA 1920 P2 GI	DBA_1920_P2_GI	9,640	4	94	Q3	Y2019	0,804	156	63	93	45	27,316	39334,517	0,662	0,392	6,646	0,001	0,403	0,759	0,007	0,006	0,001	YES	9	P2 P1 P3 P4 P5 P6 P7 P8 P9	9,823	0,489	1	0,511	8,888	3,000	0,953	0,152	2	4	6	8	12	18	20	24	28	2	2	2	2	6	12	12	16	20	1	1	1	1	1	1	1	1	1	2592	1	1	1	1	1	1	1	1	1	2	3
DBA 1920 P2 GJ	DBA_1920_P2_GJ	8,640	2	83	Q2	Y2019	2,628	636	385	251	49	27,316	39334,517	0,387	0,880	16,273	0,040	0,936	0,957	0,001	0,000	0,001	YES	8	P1 P2 P3 P4 P5 P6 P7 P8	1,857	0,954	1	0,046	11,358	2,828	0,772	2,394	4	8	12	16	18	34	36	40	60	4	8	12	14	14	26	26	32	46	1	1	1	2	2	48	48	48	2592	2592	1	1	1	2	2	24	24	48	288	2	3
DBA 1920 P2 GK	DBA_1920_P2_GK	8,100	1	94	Q1	Y2019	0,859	821	290	531	234	27,316	39334,517	0,931	0,446	1,809	0,239	0,696	0,875	0,039	0,023	0,017	YES	9	P1 P2 P4 P3 P5 P6 P7 P8 P9	56,523	0,775	1	0,225	9,487	3,000	0,924	0,547	6	16	18	24	52	90	92	94	100	6	18	18	22	54	88	88	88	92	1	2	2	8	1152	1036800	1036800	1036800	3110400	1215000000000	1	3	3	6	1152	645120	645120	645120	645120	3	2
DBA 1920 P2 GL	DBA_1920_P2_GL	8,400	2	83	Q2	Y2019	0,782	444	62	382	73	27,316	39334,517	0,904	0,382	2,571	0,150	0,514	0,868	0,054	0,034	0,021	YES	8	P1 P2 P3 P4 P5 P6 P7 P8	78,427	0,675	1	0,325	8,718	2,828	0,795	0,207	8	10	16	24	26	28	30	58	82	8	8	12	16	16	16	16	38	50	1	1	2	16	16	16	16	2592	193536	193536	1	1	1	1	1	1	1	16	256	3	1
DBA 1920 P2 GM	DBA_1920_P2_GM	9,200	3	94	Q3	Y2019	0,563	170	58	112	71	27,316	39334,517	0,733	0,442	6,842	0,018	0,471	0,766	0,001	0,000	0,000	YES	9	P1 P2 P3 P5 P4 P6 P7 P8 P9	0,770	0,548	1	0,452	10,392	3,000	0,895	0,590	4	6	8	12	14	28	32	34	36	4	4	4	8	8	20	20	20	20	1	1	1	1	1	12	24	24	24	1152	1	1	1	1	1	6	6	6	6	2	3
DBA 1920 P2 GN	DBA_1920_P2_GN	10,000	4	94	Q4	Y2019	0,743	149	91	58	28	27,316	39334,517	0,108	0,909	23,563	0,028	0,960	0,992	0,010	0,007	0,003	YES	9	P1 P2 P5 P3 P4 P6 P7 P8 P9	14,520	0,976	0	0,024	8,485	3,000	0,970	0,190	2	4	6	14	16	18	32	40	52	2	2	2	10	10	10	20	24	34	1	1	1	1	1	1	16	96	432	5760	1	1	1	1	1	1	4	8	32	2	1
DBA 2021 P2 GA	DBA_2021_P2_GA	8,600	2	94	Q2	Y2020	1,017	364	21	343	240	16,693	24038,117	0,890	0,759	0,757	0,000	0,727	0,928	0,004	0,000	0,004	YES	9	P1 P2 P3 P4 P5 P6 P7 P8 P9	5,274	0,823	1	0,177	14,967	3,000	0,922	1,411	4	8	10	14	16	22	24	28	30	4	8	8	12	12	20	20	24	24	1	1	1	1	1	1	1	1	1	2	1	1	1	1	1	1	1	1	1	2	3
DBA 2021 P2 GB	DBA_2021_P2_GB	7,700	1	73	Q1	Y2020	0,538	395	7	388	250	16,693	24038,117	0,431	0,794	9,841	0,000	0,761	0,922	0,005	0,000	0,004	YES	7	P1 P2 P3 P4 P5 P6 P7	6,592	0,885	1	0,115	8,944	2,646	0,689	0,654	2	6	10	14	16	18	20	24	24	2	6	10	14	14	14	14	18	18	1	1	1	1	1	1	1	2	2	2	1	2	2	2	2	2	2	2	2	2	3
DBA 2021 P2 GC	DBA_2021_P2_GC	9,600	4	94	Q4	Y2020	0,933	277	22	255	157	16,693	24038,117	0,618	0,426	2,529	0,000	0,409	0,763	0,002	0,000	0,002	YES	9	P1 P2 P3 P4 P5 P6 P7 P8 P9	3,255	0,499	1	0,501	11,000	3,000	0,969	1,517	4	6	8	16	18	24	30	44	48	4	6	6	10	10	14	14	22	26	1	1	1	4	4	8	24	216	216	432	1	1	1	2	2	2	2	2	2	2	3
DBA 2021 P2 GD	DBA_2021_P2_GD	8,600	2	83	Q2	Y2020	0,905	335	39	296	257	16,693	24038,117	0,679	0,703	4,545	0,006	0,680	0,937	0,009	0,002	0,007	YES	8	P1 P2 P3 P4 P5 P7 P9 P8	12,248	0,801	1	0,199	17,059	2,828	0,927	0,818	2	8	14	16	18	22	26	32	34	2	12	16	16	16	20	24	26	30	1	1	2	2	2	2	2	8	8	8	1	3	3	3	3	3	3	6	6	2	3
DBA 2021 P2 GE	DBA_2021_P2_GE	9,200	3	94	Q3	Y2020	0,564	53	11	42	47	16,693	24038,117	0,348	0,154	0,490	0,000	0,148	0,376	0,001	0,000	0,001	YES	9	P1 P2 P3 P4 P5 P8 P9 P6 P7	1,441	0,199	1	0,801	14,731	3,000	0,937	1,369	4	6	8	12	14	16	18	22	24	4	4	4	4	4	4	4	8	8	1	1	1	2	2	2	2	2	2	8	1	1	1	1	1	1	1	1	1	2	3
DBA 2021 P2 GF	DBA_2021_P2_GF	9,200	3	73	Q3	Y2020	0,594	166	72	94	70	16,693	24038,117	0,416	0,690	9,814	0,017	0,678	0,979	0,003	0,000	0,003	YES	7	P1 P3 P4 P5 P2 P6 P7	4,675	0,830	0	0,170	10,770	2,646	0,671	0,981	4	8	16	18	24	32	36	38	38	4	8	12	12	16	24	28	28	28	1	1	4	4	12	18	18	24	24	24	1	1	2	2	3	3	3	3	3	2	3
DBA 2021 P2 GG	DBA_2021_P2_GG	8,200	1	83	Q1	Y2020	0,732	241	33	208	174	16,693	24038,117	0,602	0,240	1,660	0,000	0,231	0,266	0,003	0,000	0,003	YES	8	P1 P2 P3 P6 P5 P7 P8 P9	4,569	0,318	1	0,682	11,136	2,828	0,931	1,196	4	6	8	10	12	24	26	30	40	4	4	4	4	4	16	16	20	24	1	1	1	1	1	4	4	4	48	48	1	1	1	1	1	1	1	1	1	2	3
DBA 2021 P2 GH	DBA_2021_P2_GH	7,800	1	73	Q1	Y2020	0,872	281	48	233	80	16,693	24038,117	0,972	0,574	0,491	0,041	0,587	0,684	0,002	0,000	0,002	YES	7	P1 P2 P4 P5 P8 P7 P9	3,031	0,723	1	0,277	15,969	2,646	0,887	0,995	4	10	14	20	24	26	28	34	34	4	10	14	20	24	24	24	30	30	1	2	2	4	4	4	4	16	16	16	1	2	2	4	4	4	4	8	8	2	3
DBA 2021 P2 GI	DBA_2021_P2_GI	9,600	4	94	Q4	Y2020	0,996	341	17	324	215	16,693	24038,117	0,419	0,416	2,804	0,000	0,399	0,510	0,007	0,000	0,007	YES	9	P1 P2 P3 P5 P6 P7 P8 P9 P4	10,648	0,434	1	0,566	12,410	3,000	0,950	1,369	4	6	8	10	14	22	28	34	36	4	4	4	4	10	14	18	22	22	1	1	1	1	1	4	8	16	16	432	1	1	1	1	1	2	2	2	2	2	3
DBA 2021 P2 GJ	DBA_2021_P2_GJ	8,800	2	94	Q2	Y2020	0,921	458	12	446	324	16,693	24038,117	0,778	0,417	0,639	0,000	0,400	0,706	0,005	0,000	0,004	YES	9	P1 P2 P3 P5 P4 P6 P7 P8 P9	6,560	0,496	1	0,504	15,264	3,000	0,986	1,992	4	6	8	10	12	16	22	44	46	4	4	4	4	4	4	8	26	26	1	1	1	1	1	2	3	108	108	144	1	1	1	1	1	1	1	4	4	2	3
DBA 2021 P2 GK	DBA_2021_P2_GK	9,600	4	83	Q4	Y2020	1,051	282	8	274	151	16,693	24038,117	0,704	0,496	0,000	0,000	0,476	0,702	0,007	0,000	0,007	YES	8	P1 P3 P7 P8 P2 P9 P4 P5	10,202	0,617	1	0,383	11,180	2,828	0,768	0,235	2	8	10	14	18	30	34	36	42	2	10	10	14	18	28	30	30	34	1	1	1	1	1	12	24	24	96	96	1	2	2	2	4	16	16	16	16	2	3
DBA 2021 P2 GL	DBA_2021_P2_GL	9,600	4	83	Q4	Y2020	1,141	610	24	586	263	16,693	24038,117	0,783	0,599	2,471	0,028	0,588	0,858	0,006	0,000	0,006	YES	8	P1 P2 P3 P4 P5 P7 P9 P8	8,808	0,738	1	0,262	10,954	2,828	0,860	1,877	4	6	8	12	14	34	42	46	62	4	4	4	8	8	24	30	32	36	1	1	1	1	1	16	96	144	5832	5832	1	1	1	1	1	4	8	8	16	2	1
DBA 2021 P2 GM	DBA_2021_P2_GM	9,600	4	83	Q4	Y2020	0,757	97	11	86	63	16,693	24038,117	0,587	0,548	2,688	0,000	0,525	0,642	0,002	0,000	0,002	YES	8	P1 P2 P3 P5 P4 P7 P8 P9	3,432	0,645	1	0,355	14,177	2,828	0,911	1,599	4	6	8	10	12	20	24	26	28	4	4	4	4	4	8	12	12	16	1	1	1	1	1	3	3	3	3	3	1	1	1	1	1	1	1	1	1	2	3
DBA 2122 P2 GA	DBA_2122_P2_GA	8,990	3	92	Q2	Y2021	0,919	384	34	350	136	38,978	56128,900	1,000	0,463	0,000	0,070	0,534	0,809	0,037	0,023	0,014	YES	9	P1 P2 P3 P4 P6 P7 P8 P9 P5	53,273	0,622	1	0,378	10,392	3,000	0,872	0,647	4	8	14	18	24	32	40	58	64	4	8	16	20	24	36	44	58	60	1	1	2	2	4	8	16	1152	2880	27648	1	1	4	4	8	32	64	1728	1728	3	1
DBA 2122 P2 GB	DBA_2122_P2_GB	10,000	4	82	Q4	Y2021	0,756	499	75	424	83	38,978	56128,900	0,962	0,561	1,132	0,041	0,571	0,790	0,013	0,002	0,011	YES	8	P1 P2 P3 P4 P5 P6 P8 P7	18,308	0,728	1	0,272	9,747	2,828	0,784	0,683	4	14	16	18	22	32	54	60	80	4	14	14	16	20	28	40	44	60	1	2	2	2	2	12	864	1152	165888	165888	1	2	2	2	2	8	128	128	2048	3	1
DBA 2122 P2 GC	DBA_2122_P2_GC	9,730	4	82	Q3	Y2021	0,799	555	83	472	160	38,978	56128,900	0,874	0,410	0,927	0,035	0,411	0,683	0,014	0,002	0,011	YES	8	P1 P2 P3 P5 P4 P6 P7 P8	19,956	0,593	1	0,407	9,381	2,828	0,783	0,766	4	8	12	18	24	32	34	84	114	4	8	12	20	26	38	40	68	92	1	1	1	1	4	8	8	276480	58320000000	58320000000	1	1	1	2	8	64	64	34992	6718464	1	2
DBA 2122 P2 GD	DBA_2122_P2_GD	9,540	3	91	Q2	Y2021	0,958	381	140	241	94	38,978	56128,900	0,847	0,563	1,845	0,005	0,568	0,873	0,016	0,005	0,011	YES	9	P1 P2 P3 P4 P5 P6 P7 P8 P9	23,432	0,658	1	0,342	10,630	3,000	0,953	0,717	4	8	10	12	14	16	22	40	56	4	8	8	8	8	8	16	28	34	1	1	1	1	1	1	1	64	1920	98304	1	1	1	1	1	1	1	6	12	2	1
DBA 2122 P2 GE	DBA_2122_P2_GE	9,670	4	91	Q3	Y2021	1,040	191	37	154	62	38,978	56128,900	0,860	0,530	1,135	0,055	0,585	0,889	0,010	0,002	0,007	YES	9	P1 P2 P3 P5 P6 P7 P8 P4 P9	13,749	0,670	1	0,330	11,358	3,000	0,944	1,114	4	10	14	18	20	24	28	38	42	4	10	12	14	14	20	24	34	34	1	1	2	3	3	3	3	12	24	576	1	1	1	2	2	2	2	8	8	2	3
DBA 2122 P2 GF	DBA_2122_P2_GF	8,980	3	92	Q2	Y2021	0,877	455	70	385	89	38,978	56128,900	0,846	0,364	1,789	0,037	0,402	0,714	0,022	0,007	0,015	YES	9	P1 P3 P2 P4 P5 P6 P7 P8 P9	31,942	0,487	1	0,513	11,136	3,000	0,931	0,615	4	12	20	28	32	40	46	56	74	4	12	20	26	30	40	44	54	62	1	2	8	24	24	72	144	864	34560	518400	1	4	8	16	32	96	96	576	3840	3	1
DBA 2122 P2 GG	DBA_2122_P2_GG	9,750	4	82	Q3	Y2021	0,844	368	61	307	100	38,978	56128,900	0,849	0,596	3,899	0,012	0,589	0,732	0,014	0,002	0,012	YES	8	P1 P3 P2 P5 P4 P6 P7 P8	20,350	0,722	1	0,278	8,000	2,828	0,770	0,549	4	10	12	26	30	34	42	58	98	4	10	10	26	30	34	40	60	82	1	1	1	4	8	16	96	960	4354560	4354560	1	1	1	4	8	12	48	1920	311040	3	1
DBA 2122 P2 GH	DBA_2122_P2_GH	8,880	2	82	Q1	Y2021	0,837	303	17	286	105	38,978	56128,900	0,975	0,534	0,924	0,005	0,520	0,611	0,013	0,001	0,011	YES	8	P1 P2 P3 P5 P6 P7 P4 P8	18,485	0,665	1	0,335	10,724	2,828	0,795	1,001	2	8	12	14	18	24	28	36	72	2	10	12	12	16	22	26	30	58	1	1	2	2	2	2	2	16	51840	51840	1	2	4	4	4	4	4	8	2304	3	1
DBA 2122 P2 GI	DBA_2122_P2_GI	9,750	4	92	Q3	Y2021	0,646	549	58	491	225	38,978	56128,900	0,922	0,513	1,600	0,026	0,539	0,799	0,019	0,003	0,016	YES	9	P1 P2 P3 P4 P6 P5 P8 P7 P9	26,929	0,609	1	0,391	8,426	3,000	0,928	0,347	4	12	16	20	22	24	26	42	140	4	12	16	20	20	20	20	26	98	1	1	1	1	1	1	1	36	99532800000000	497664000000000	1	1	1	1	1	1	1	2	4082400	1	2
DBA 2122 P2 GJ	DBA_2122_P2_GJ	9,760	4	92	Q3	Y2021	0,921	303	73	230	87	38,978	56128,900	0,850	0,379	1,592	0,171	0,551	0,890	0,008	0,002	0,006	YES	9	P1 P2 P6 P3 P5 P7 P8 P4 P9	12,041	0,647	0	0,353	11,747	3,000	0,963	1,067	4	12	20	22	28	36	40	56	78	4	12	20	20	24	28	32	40	52	1	1	2	2	8	32	32	1728	124416	248832	1	1	2	2	4	4	4	16	256	3	1
DBA 2122 P2 GK	DBA_2122_P2_GK	8,840	2	92	Q1	Y2021	0,883	464	38	426	93	38,978	56128,900	0,897	0,455	1,583	0,063	0,518	0,819	0,014	0,001	0,013	YES	9	P1 P2 P3 P5 P6 P7 P8 P9 P4	20,782	0,590	1	0,410	8,544	3,000	0,929	0,757	4	8	14	20	22	26	30	74	76	4	8	14	20	20	26	30	56	56	1	1	2	2	2	2	2	18432	18432	3483648	1	1	3	3	3	3	3	432	432	3	1
DBA 2122 P2 GL	DBA_2122_P2_GL	9,770	4	92	Q3	Y2021	0,823	251	48	203	66	38,978	56128,900	0,955	0,463	1,620	0,053	0,516	0,759	0,008	0,001	0,007	YES	9	P1 P2 P3 P4 P6 P5 P7 P8 P9	12,025	0,618	1	0,382	13,191	3,000	0,965	0,804	4	10	20	24	30	32	36	54	58	4	10	18	22	28	30	34	44	50	1	2	12	12	12	12	24	1152	1152	497664	1	2	6	6	6	6	12	48	72	2	1
DBA 2122 P2 GM	DBA_2122_P2_GM	7,850	1	82	Q1	Y2021	0,937	552	214	338	70	38,978	56128,900	0,879	0,554	2,544	0,038	0,569	0,783	0,017	0,005	0,012	YES	8	P1 P2 P3 P4 P5 P6 P8 P7	24,872	0,729	1	0,271	10,392	2,828	0,804	0,132	2	8	14	16	20	38	66	68	100	2	10	16	18	22	40	66	68	90	1	1	2	2	2	72	15552	15552	6967296	6967296	1	2	4	4	4	144	15552	15552	2239488	3	1
DBA 2122 P2 GN	DBA_2122_P2_GN	7,700	1	92	Q1	Y2021	0,811	187	76	111	48	38,978	56128,900	0,897	0,539	1,575	0,093	0,631	0,937	0,008	0,003	0,005	YES	9	P1 P2 P5 P6 P3 P4 P7 P8 P9	11,940	0,718	1	0,282	11,180	3,000	0,932	0,526	4	20	24	28	30	40	46	50	58	4	20	24	26	26	34	38	40	50	1	4	4	8	8	24	72	144	648	62208	1	4	4	4	4	6	12	12	108	2	1
DBA 2122 P2 GO	DBA_2122_P2_GO	9,920	4	92	Q3	Y2021	0,747	399	22	377	147	38,978	56128,900	0,897	0,535	1,610	0,003	0,538	0,862	0,012	0,002	0,010	YES	9	P1 P2 P3 P5 P4 P6 P7 P8 P9	17,905	0,630	0	0,370	10,296	3,000	0,961	0,634	4	8	16	22	24	28	34	42	100	4	8	14	24	24	28	34	40	70	1	1	3	3	3	6	6	24	2985984	5225472	1	1	2	8	8	8	16	16	23040	3	1
DBA 2122 P2 GP	DBA_2122_P2_GP	8,970	3	82	Q2	Y2021	0,819	272	79	193	34	38,978	56128,900	0,768	0,684	7,591	0,036	0,711	0,896	0,009	0,005	0,003	YES	8	P1 P6 P2 P3 P5 P7 P8 P4	13,363	0,811	1	0,189	9,849	2,828	0,812	0,471	4	18	20	30	32	38	44	58	76	4	18	20	28	28	30	38	48	56	1	2	2	9	9	24	24	768	28800	28800	1	2	2	12	12	12	24	384	1296	3	1