"group","year","size","mean_grade","date","map","action"
"Achernar",1617,5,10,"09/11/2016 21:23:22",1,1
"Achernar",1617,5,10,"09/11/2016 21:25:11",1,1
"Achernar",1617,5,10,"10/11/2016 0:21:37",1,1
"Achernar",1617,5,10,"10/11/2016 0:22:50",1,1
"Achernar",1617,5,10,"10/11/2016 0:23:12",1,1
"Achernar",1617,5,10,"10/11/2016 0:25:53",1,1
"Achernar",1617,5,10,"10/11/2016 0:26:16",1,1
"Achernar",1617,5,10,"10/11/2016 0:27:59",1,1
"Achernar",1617,5,10,"10/11/2016 0:28:23",1,1
"Achernar",1617,5,10,"10/11/2016 0:29:59",1,1
"Achernar",1617,5,10,"10/11/2016 0:31:13",1,1
"Achernar",1617,5,10,"12/11/2016 15:16:28",1,1
"Achernar",1617,5,10,"12/11/2016 15:17:34",1,1
"Achernar",1617,5,10,"12/11/2016 15:17:45",1,1
"Achernar",1617,5,10,"12/11/2016 15:34:38",1,1
"Achernar",1617,5,10,"13/11/2016 18:52:00",1,1
"Achernar",1617,5,10,"13/11/2016 18:56:19",1,1
"Achernar",1617,5,10,"13/11/2016 18:57:12",1,1
"Achernar",1617,5,10,"13/11/2016 19:08:01",1,1
"Achernar",1617,5,10,"13/11/2016 19:08:01",1,2
"Achernar",1617,5,10,"13/11/2016 19:12:04",1,1
"Achernar",1617,5,10,"13/11/2016 19:12:05",1,2
"Achernar",1617,5,10,"13/11/2016 19:15:48",1,1
"Achernar",1617,5,10,"13/11/2016 19:15:48",1,2
"Achernar",1617,5,10,"13/11/2016 19:18:12",1,1
"Achernar",1617,5,10,"13/11/2016 19:18:12",1,2
"Achernar",1617,5,10,"13/11/2016 19:20:42",1,1
"Achernar",1617,5,10,"13/11/2016 19:20:43",1,2
"Achernar",1617,5,10,"13/11/2016 19:30:47",1,1
"Achernar",1617,5,10,"13/11/2016 19:30:47",1,2
"Achernar",1617,5,10,"13/11/2016 19:33:07",1,1
"Achernar",1617,5,10,"13/11/2016 19:33:07",1,2
"Achernar",1617,5,10,"13/11/2016 19:37:09",1,1
"Achernar",1617,5,10,"13/11/2016 19:37:10",1,2
"Achernar",1617,5,10,"13/11/2016 19:37:14",1,4
"Achernar",1617,5,10,"13/11/2016 19:37:15",1,5
"Achernar",1617,5,10,"13/11/2016 19:37:16",1,3
"Achernar",1617,5,10,"13/11/2016 19:39:37",1,1
"Achernar",1617,5,10,"13/11/2016 19:39:37",1,2
"Achernar",1617,5,10,"13/11/2016 19:39:42",1,4
"Achernar",1617,5,10,"13/11/2016 19:39:43",1,5
"Achernar",1617,5,10,"13/11/2016 19:39:44",1,3
"Achernar",1617,5,10,"13/11/2016 19:41:39",1,1
"Achernar",1617,5,10,"13/11/2016 19:41:39",1,2
"Achernar",1617,5,10,"13/11/2016 19:42:45",1,1
"Achernar",1617,5,10,"13/11/2016 19:42:45",1,2
"Achernar",1617,5,10,"13/11/2016 19:42:49",1,4
"Achernar",1617,5,10,"13/11/2016 19:42:51",1,3
"Achernar",1617,5,10,"13/11/2016 19:42:51",1,5
"Achernar",1617,5,10,"13/11/2016 20:02:56",1,1
"Achernar",1617,5,10,"13/11/2016 20:02:56",1,2
"Achernar",1617,5,10,"13/11/2016 20:04:32",1,1
"Achernar",1617,5,10,"13/11/2016 20:04:32",1,2
"Achernar",1617,5,10,"13/11/2016 20:07:16",1,1
"Achernar",1617,5,10,"13/11/2016 20:07:16",1,2
"Achernar",1617,5,10,"13/11/2016 20:18:52",1,1
"Achernar",1617,5,10,"13/11/2016 20:18:52",1,2
"Achernar",1617,5,10,"13/11/2016 20:34:19",1,1
"Achernar",1617,5,10,"13/11/2016 20:36:40",1,1
"Achernar",1617,5,10,"13/11/2016 20:36:40",1,2
"Achernar",1617,5,10,"13/11/2016 20:40:46",1,1
"Achernar",1617,5,10,"13/11/2016 20:40:46",1,2
"Achernar",1617,5,10,"13/11/2016 20:42:16",1,1
"Achernar",1617,5,10,"13/11/2016 20:42:16",1,2
"Achernar",1617,5,10,"13/11/2016 20:45:08",1,1
"Achernar",1617,5,10,"13/11/2016 20:45:08",1,2
"Achernar",1617,5,10,"13/11/2016 21:09:03",1,1
"Achernar",1617,5,10,"13/11/2016 21:09:03",1,2
"Achernar",1617,5,10,"13/11/2016 21:09:07",1,4
"Achernar",1617,5,10,"13/11/2016 21:09:08",1,5
"Achernar",1617,5,10,"13/11/2016 21:10:34",2,1
"Achernar",1617,5,10,"13/11/2016 21:10:35",2,2
"Achernar",1617,5,10,"13/11/2016 21:10:39",2,4
"Achernar",1617,5,10,"13/11/2016 21:10:40",2,3
"Achernar",1617,5,10,"13/11/2016 21:11:55",1,1
"Achernar",1617,5,10,"13/11/2016 21:11:55",1,2
"Achernar",1617,5,10,"13/11/2016 21:11:59",1,4
"Achernar",1617,5,10,"13/11/2016 21:12:01",1,5
"Achernar",1617,5,10,"13/11/2016 21:16:47",1,1
"Achernar",1617,5,10,"13/11/2016 21:16:47",1,2
"Achernar",1617,5,10,"13/11/2016 21:16:51",1,4
"Achernar",1617,5,10,"13/11/2016 21:16:52",1,5
"Achernar",1617,5,10,"13/11/2016 21:17:59",1,1
"Achernar",1617,5,10,"13/11/2016 21:18:00",1,2
"Achernar",1617,5,10,"13/11/2016 21:18:04",1,4
"Achernar",1617,5,10,"13/11/2016 21:18:05",1,5
"Achernar",1617,5,10,"13/11/2016 21:21:20",3,1
"Achernar",1617,5,10,"13/11/2016 21:21:21",3,2
"Achernar",1617,5,10,"13/11/2016 21:32:56",3,1
"Achernar",1617,5,10,"13/11/2016 21:32:56",3,2
"Achernar",1617,5,10,"13/11/2016 21:33:02",3,3
"Achernar",1617,5,10,"13/11/2016 21:33:06",3,4
"Achernar",1617,5,10,"13/11/2016 21:33:08",3,5
"Achernar",1617,5,10,"13/11/2016 21:35:24",2,1
"Achernar",1617,5,10,"13/11/2016 21:35:24",2,2
"Achernar",1617,5,10,"13/11/2016 21:35:26",2,4
"Achernar",1617,5,10,"13/11/2016 21:35:27",2,3
"Achernar",1617,5,10,"13/11/2016 21:38:05",4,1
"Achernar",1617,5,10,"13/11/2016 21:38:05",4,2
"Achernar",1617,5,10,"13/11/2016 21:38:09",4,3
"Achernar",1617,5,10,"13/11/2016 21:39:26",5,1
"Achernar",1617,5,10,"13/11/2016 21:39:26",5,2
"Achernar",1617,5,10,"13/11/2016 21:39:29",5,3
"Achernar",1617,5,10,"13/11/2016 21:40:26",5,1
"Achernar",1617,5,10,"13/11/2016 21:40:26",5,2
"Achernar",1617,5,10,"13/11/2016 21:40:30",5,3
"Achernar",1617,5,10,"13/11/2016 21:43:05",6,1
"Achernar",1617,5,10,"13/11/2016 21:43:05",6,2
"Achernar",1617,5,10,"13/11/2016 21:43:08",6,3
"Achernar",1617,5,10,"13/11/2016 21:43:33",6,1
"Achernar",1617,5,10,"13/11/2016 21:43:33",6,2
"Achernar",1617,5,10,"14/11/2016 9:49:51",7,1
"Achernar",1617,5,10,"14/11/2016 9:49:52",7,2
"Achernar",1617,5,10,"14/11/2016 9:49:55",7,3
"Achernar",1617,5,10,"14/11/2016 9:50:17",7,1
"Achernar",1617,5,10,"14/11/2016 9:50:17",7,2
"Achernar",1617,5,10,"14/11/2016 9:50:19",7,3
"Achernar",1617,5,10,"14/11/2016 11:00:27",4,1
"Achernar",1617,5,10,"14/11/2016 11:00:27",4,2
"Achernar",1617,5,10,"14/11/2016 11:01:29",4,1
"Achernar",1617,5,10,"14/11/2016 11:01:29",4,2
"Achernar",1617,5,10,"14/11/2016 11:10:39",4,1
"Achernar",1617,5,10,"14/11/2016 11:10:40",4,2
"Achernar",1617,5,10,"14/11/2016 11:10:42",4,3
"Achernar",1617,5,10,"14/11/2016 11:11:25",4,1
"Achernar",1617,5,10,"14/11/2016 11:11:25",4,2
"Achernar",1617,5,10,"14/11/2016 11:17:55",4,1
"Achernar",1617,5,10,"14/11/2016 11:17:55",4,2
"Achernar",1617,5,10,"14/11/2016 11:19:04",5,1
"Achernar",1617,5,10,"14/11/2016 11:19:04",5,2
"Achernar",1617,5,10,"14/11/2016 11:19:07",5,3
"Achernar",1617,5,10,"14/11/2016 11:19:40",5,1
"Achernar",1617,5,10,"14/11/2016 11:19:40",5,2
"Achernar",1617,5,10,"14/11/2016 11:25:26",5,1
"Achernar",1617,5,10,"14/11/2016 11:25:26",5,2
"Achernar",1617,5,10,"14/11/2016 11:25:28",5,3
"Achernar",1617,5,10,"14/11/2016 11:26:49",1,1
"Achernar",1617,5,10,"14/11/2016 11:26:49",1,2
"Achernar",1617,5,10,"14/11/2016 11:26:51",1,4
"Achernar",1617,5,10,"14/11/2016 11:26:52",1,5
"Achernar",1617,5,10,"14/11/2016 11:28:51",1,1
"Achernar",1617,5,10,"14/11/2016 11:28:51",1,2
"Achernar",1617,5,10,"14/11/2016 11:28:53",1,4
"Achernar",1617,5,10,"14/11/2016 11:28:54",1,5
"Achernar",1617,5,10,"14/11/2016 12:48:02",5,1
"Achernar",1617,5,10,"14/11/2016 12:48:02",5,2
"Achernar",1617,5,10,"14/11/2016 12:48:05",5,3
"Achernar",1617,5,10,"14/11/2016 12:48:08",5,4
"Achernar",1617,5,10,"14/11/2016 12:48:09",5,5
"Achernar",1617,5,10,"14/11/2016 12:48:32",1,1
"Achernar",1617,5,10,"14/11/2016 12:48:32",1,2
"Achernar",1617,5,10,"14/11/2016 12:48:33",1,4
"Achernar",1617,5,10,"14/11/2016 12:48:34",1,5
"Achernar",1617,5,10,"14/11/2016 12:48:42",2,1
"Achernar",1617,5,10,"14/11/2016 12:48:42",2,2
"Achernar",1617,5,10,"14/11/2016 12:48:43",2,4
"Achernar",1617,5,10,"14/11/2016 12:48:44",2,3
"Achernar",1617,5,10,"14/11/2016 12:49:27",3,1
"Achernar",1617,5,10,"14/11/2016 12:49:27",3,2
"Achernar",1617,5,10,"14/11/2016 12:49:30",3,3
"Achernar",1617,5,10,"14/11/2016 12:49:31",3,4
"Achernar",1617,5,10,"14/11/2016 12:50:31",4,1
"Achernar",1617,5,10,"14/11/2016 12:50:32",4,2
"Achernar",1617,5,10,"14/11/2016 12:50:34",4,3
"Achernar",1617,5,10,"14/11/2016 12:50:53",5,1
"Achernar",1617,5,10,"14/11/2016 12:50:53",5,2
"Achernar",1617,5,10,"14/11/2016 12:50:54",5,3
"Achernar",1617,5,10,"14/11/2016 12:50:57",5,4
"Achernar",1617,5,10,"14/11/2016 12:50:58",5,5
"Achernar",1617,5,10,"14/11/2016 12:51:07",6,1
"Achernar",1617,5,10,"14/11/2016 12:51:08",6,2
"Achernar",1617,5,10,"14/11/2016 12:51:10",6,3
"Achernar",1617,5,10,"14/11/2016 12:51:39",7,1
"Achernar",1617,5,10,"14/11/2016 12:51:39",7,2
"Achernar",1617,5,10,"14/11/2016 12:51:41",7,3
"Achernar",1617,5,10,"14/11/2016 12:52:13",8,1
"Achernar",1617,5,10,"14/11/2016 12:52:13",8,2
"Achernar",1617,5,10,"14/11/2016 12:52:15",8,3
"Achernar",1617,5,10,"14/11/2016 12:52:40",9,1
"Achernar",1617,5,10,"14/11/2016 12:52:41",9,2
"Achernar",1617,5,10,"14/11/2016 12:52:43",9,3
"Achernar",1617,5,10,"14/11/2016 12:53:08",9,1
"Achernar",1617,5,10,"14/11/2016 12:53:08",9,2
"Achernar",1617,5,10,"14/11/2016 12:53:09",9,3
"Achernar",1617,5,10,"14/11/2016 12:54:06",2,1
"Achernar",1617,5,10,"14/11/2016 12:54:07",2,2
"Achernar",1617,5,10,"14/11/2016 12:54:08",2,4
"Achernar",1617,5,10,"14/11/2016 12:54:09",2,3
"Achernar",1617,5,10,"14/11/2016 12:57:35",3,1
"Achernar",1617,5,10,"14/11/2016 12:57:35",3,2
"Achernar",1617,5,10,"14/11/2016 12:57:38",3,3
"Achernar",1617,5,10,"14/11/2016 12:57:39",3,4
"Achernar",1617,5,10,"14/11/2016 12:58:18",3,1
"Achernar",1617,5,10,"14/11/2016 12:58:18",3,2
"Achernar",1617,5,10,"14/11/2016 12:58:20",3,3
"Achernar",1617,5,10,"14/11/2016 12:58:22",3,4
"Achernar",1617,5,10,"14/11/2016 13:01:09",3,1
"Achernar",1617,5,10,"14/11/2016 13:01:09",3,2
"Achernar",1617,5,10,"14/11/2016 13:01:11",3,3
"Achernar",1617,5,10,"14/11/2016 13:01:12",3,4
"Achernar",1617,5,10,"14/11/2016 13:01:13",3,5
"Achernar",1617,5,10,"14/11/2016 13:01:42",1,1
"Achernar",1617,5,10,"14/11/2016 13:01:42",1,2
"Achernar",1617,5,10,"14/11/2016 13:01:44",1,4
"Achernar",1617,5,10,"14/11/2016 13:01:44",1,5
"Achernar",1617,5,10,"14/11/2016 13:01:51",2,1
"Achernar",1617,5,10,"14/11/2016 13:01:51",2,2
"Achernar",1617,5,10,"14/11/2016 13:01:52",2,4
"Achernar",1617,5,10,"14/11/2016 13:01:53",2,3
"Achernar",1617,5,10,"14/11/2016 13:02:26",3,1
"Achernar",1617,5,10,"14/11/2016 13:02:26",3,2
"Achernar",1617,5,10,"14/11/2016 13:02:29",3,3
"Achernar",1617,5,10,"14/11/2016 13:02:30",3,4
"Achernar",1617,5,10,"14/11/2016 13:02:31",3,5
"Achernar",1617,5,10,"14/11/2016 13:02:37",4,1
"Achernar",1617,5,10,"14/11/2016 13:02:37",4,2
"Achernar",1617,5,10,"14/11/2016 13:02:39",4,3
"Achernar",1617,5,10,"14/11/2016 13:03:16",5,1
"Achernar",1617,5,10,"14/11/2016 13:03:16",5,2
"Achernar",1617,5,10,"14/11/2016 13:03:17",5,3
"Achernar",1617,5,10,"14/11/2016 13:03:19",5,4
"Achernar",1617,5,10,"14/11/2016 13:03:19",5,5
"Achernar",1617,5,10,"14/11/2016 13:03:27",6,1
"Achernar",1617,5,10,"14/11/2016 13:03:27",6,2
"Achernar",1617,5,10,"14/11/2016 13:03:29",6,3
"Achernar",1617,5,10,"14/11/2016 13:04:02",7,1
"Achernar",1617,5,10,"14/11/2016 13:04:03",7,2
"Achernar",1617,5,10,"14/11/2016 13:04:05",7,3
"Achernar",1617,5,10,"14/11/2016 13:15:58",4,1
"Achernar",1617,5,10,"14/11/2016 13:15:58",4,2
"Achernar",1617,5,10,"14/11/2016 13:16:01",4,3
"Achernar",1617,5,10,"14/11/2016 13:30:41",4,1
"Achernar",1617,5,10,"14/11/2016 13:30:41",4,2
"Achernar",1617,5,10,"14/11/2016 13:30:43",4,3
"Achernar",1617,5,10,"14/11/2016 13:31:04",4,1
"Achernar",1617,5,10,"14/11/2016 13:31:04",4,2
"Achernar",1617,5,10,"14/11/2016 13:31:06",4,3
"Achernar",1617,5,10,"14/11/2016 13:39:16",4,1
"Achernar",1617,5,10,"14/11/2016 13:39:16",4,2
"Achernar",1617,5,10,"14/11/2016 13:39:18",4,3
"Achernar",1617,5,10,"14/11/2016 13:39:55",4,1
"Achernar",1617,5,10,"14/11/2016 13:41:52",4,1
"Achernar",1617,5,10,"14/11/2016 13:41:52",4,2
"Achernar",1617,5,10,"14/11/2016 13:41:54",4,3
"Achernar",1617,5,10,"14/11/2016 13:42:43",4,1
"Achernar",1617,5,10,"14/11/2016 13:42:44",4,2
"Achernar",1617,5,10,"14/11/2016 13:42:45",4,3
"Achernar",1617,5,10,"14/11/2016 15:56:41",1,1
"Achernar",1617,5,10,"14/11/2016 15:56:41",1,2
"Achernar",1617,5,10,"14/11/2016 15:56:43",1,4
"Achernar",1617,5,10,"14/11/2016 15:56:44",1,5
"Achernar",1617,5,10,"14/11/2016 15:58:15",1,1
"Achernar",1617,5,10,"14/11/2016 15:58:15",1,2
"Achernar",1617,5,10,"14/11/2016 15:58:18",1,4
"Achernar",1617,5,10,"14/11/2016 15:58:19",1,5
"Achernar",1617,5,10,"14/11/2016 16:00:42",1,1
"Achernar",1617,5,10,"14/11/2016 16:00:42",1,2
"Achernar",1617,5,10,"14/11/2016 16:00:45",1,4
"Achernar",1617,5,10,"14/11/2016 16:00:46",1,5
"Achernar",1617,5,10,"14/11/2016 16:05:51",1,1
"Achernar",1617,5,10,"14/11/2016 16:05:51",1,2
"Achernar",1617,5,10,"14/11/2016 16:05:54",1,4
"Achernar",1617,5,10,"14/11/2016 16:05:55",1,5
"Achernar",1617,5,10,"14/11/2016 16:07:00",1,1
"Achernar",1617,5,10,"14/11/2016 16:07:00",1,2
"Achernar",1617,5,10,"14/11/2016 16:07:02",1,4
"Achernar",1617,5,10,"14/11/2016 16:07:03",1,5
"Achernar",1617,5,10,"14/11/2016 16:09:32",1,1
"Achernar",1617,5,10,"14/11/2016 16:09:32",1,2
"Achernar",1617,5,10,"14/11/2016 16:09:34",1,4
"Achernar",1617,5,10,"14/11/2016 16:09:35",1,5
"Achernar",1617,5,10,"14/11/2016 16:11:40",1,1
"Achernar",1617,5,10,"14/11/2016 16:11:40",1,2
"Achernar",1617,5,10,"14/11/2016 16:11:42",1,4
"Achernar",1617,5,10,"14/11/2016 16:11:43",1,5
"Achernar",1617,5,10,"14/11/2016 16:13:29",1,1
"Achernar",1617,5,10,"14/11/2016 16:13:29",1,2
"Achernar",1617,5,10,"14/11/2016 16:13:32",1,4
"Achernar",1617,5,10,"14/11/2016 16:13:33",1,5
"Achernar",1617,5,10,"14/11/2016 16:13:54",1,1
"Achernar",1617,5,10,"14/11/2016 16:13:55",1,2
"Achernar",1617,5,10,"14/11/2016 16:13:57",1,4
"Achernar",1617,5,10,"14/11/2016 16:13:57",1,5
"Achernar",1617,5,10,"14/11/2016 16:14:37",1,1
"Achernar",1617,5,10,"14/11/2016 16:14:37",1,2
"Achernar",1617,5,10,"14/11/2016 16:14:39",1,4
"Achernar",1617,5,10,"14/11/2016 16:14:40",1,5
"Achernar",1617,5,10,"14/11/2016 16:15:10",1,1
"Achernar",1617,5,10,"14/11/2016 16:15:10",1,2
"Achernar",1617,5,10,"14/11/2016 16:15:13",1,4
"Achernar",1617,5,10,"14/11/2016 16:15:14",1,5
"Achernar",1617,5,10,"14/11/2016 16:34:10",1,1
"Achernar",1617,5,10,"14/11/2016 16:34:10",1,2
"Achernar",1617,5,10,"14/11/2016 16:34:12",1,4
"Achernar",1617,5,10,"14/11/2016 16:34:13",1,5
"Achernar",1617,5,10,"14/11/2016 16:34:34",3,1
"Achernar",1617,5,10,"14/11/2016 16:34:34",3,2
"Achernar",1617,5,10,"14/11/2016 16:34:37",3,3
"Achernar",1617,5,10,"14/11/2016 16:34:39",3,4
"Achernar",1617,5,10,"14/11/2016 16:34:40",3,5
"Achernar",1617,5,10,"14/11/2016 16:35:30",5,1
"Achernar",1617,5,10,"14/11/2016 16:35:30",5,2
"Achernar",1617,5,10,"14/11/2016 16:35:34",5,3
"Achernar",1617,5,10,"14/11/2016 16:35:40",5,4
"Achernar",1617,5,10,"14/11/2016 16:35:42",5,5
"Achernar",1617,5,10,"14/11/2016 16:36:30",2,1
"Achernar",1617,5,10,"14/11/2016 16:36:30",2,2
"Achernar",1617,5,10,"14/11/2016 16:36:33",2,3
"Achernar",1617,5,10,"14/11/2016 16:36:33",2,4
"Achernar",1617,5,10,"14/11/2016 17:04:24",1,1
"Achernar",1617,5,10,"14/11/2016 17:04:24",1,2
"Achernar",1617,5,10,"14/11/2016 17:04:27",1,4
"Achernar",1617,5,10,"14/11/2016 17:04:28",1,5
"Achernar",1617,5,10,"14/11/2016 17:06:47",1,1
"Achernar",1617,5,10,"14/11/2016 17:06:47",1,2
"Achernar",1617,5,10,"14/11/2016 17:06:50",1,4
"Achernar",1617,5,10,"14/11/2016 17:06:51",1,5
"Achernar",1617,5,10,"14/11/2016 17:10:51",1,1
"Achernar",1617,5,10,"14/11/2016 17:10:52",1,2
"Achernar",1617,5,10,"14/11/2016 17:10:54",1,4
"Achernar",1617,5,10,"14/11/2016 17:10:54",1,5
"Achernar",1617,5,10,"14/11/2016 17:11:37",3,1
"Achernar",1617,5,10,"14/11/2016 17:11:37",3,2
"Achernar",1617,5,10,"14/11/2016 17:11:40",3,3
"Achernar",1617,5,10,"14/11/2016 17:11:42",3,4
"Achernar",1617,5,10,"14/11/2016 17:11:44",3,5
"Achernar",1617,5,10,"14/11/2016 17:12:27",5,1
"Achernar",1617,5,10,"14/11/2016 17:12:27",5,2
"Achernar",1617,5,10,"14/11/2016 17:12:30",5,3
"Achernar",1617,5,10,"14/11/2016 17:12:36",5,4
"Achernar",1617,5,10,"14/11/2016 17:12:38",5,5
"Achernar",1617,5,10,"14/11/2016 17:20:49",1,1
"Achernar",1617,5,10,"14/11/2016 17:20:49",1,2
"Achernar",1617,5,10,"14/11/2016 17:20:51",1,4
"Achernar",1617,5,10,"14/11/2016 17:20:52",1,5
"Achernar",1617,5,10,"14/11/2016 17:21:04",3,1
"Achernar",1617,5,10,"14/11/2016 17:21:04",3,2
"Achernar",1617,5,10,"14/11/2016 17:21:07",3,3
"Achernar",1617,5,10,"14/11/2016 17:21:10",3,4
"Achernar",1617,5,10,"14/11/2016 17:21:12",3,5
"Achernar",1617,5,10,"14/11/2016 17:21:20",5,1
"Achernar",1617,5,10,"14/11/2016 17:21:20",5,2
"Achernar",1617,5,10,"14/11/2016 17:21:24",5,3
"Achernar",1617,5,10,"14/11/2016 17:21:28",5,4
"Achernar",1617,5,10,"14/11/2016 17:21:29",5,5
"Achernar",1617,5,10,"15/11/2016 12:39:25",1,1
"Achernar",1617,5,10,"15/11/2016 12:39:25",1,2
"Achernar",1617,5,10,"15/11/2016 12:39:28",1,4
"Achernar",1617,5,10,"15/11/2016 12:39:28",1,5
"Achernar",1617,5,10,"15/11/2016 13:13:50",1,1
"Achernar",1617,5,10,"15/11/2016 13:13:50",1,2
"Achernar",1617,5,10,"15/11/2016 13:13:52",1,4
"Achernar",1617,5,10,"15/11/2016 13:13:53",1,3
"Achernar",1617,5,10,"15/11/2016 13:13:53",1,5
"Achernar",1617,5,10,"15/11/2016 13:17:01",1,1
"Achernar",1617,5,10,"15/11/2016 13:17:01",1,2
"Achernar",1617,5,10,"15/11/2016 13:17:03",1,4
"Achernar",1617,5,10,"15/11/2016 13:17:03",1,5
"Achernar",1617,5,10,"15/11/2016 13:18:17",1,1
"Achernar",1617,5,10,"15/11/2016 13:18:17",1,2
"Achernar",1617,5,10,"15/11/2016 13:18:19",1,4
"Achernar",1617,5,10,"15/11/2016 13:18:19",1,5
"Achernar",1617,5,10,"15/11/2016 13:19:51",1,1
"Achernar",1617,5,10,"15/11/2016 13:19:51",1,2
"Achernar",1617,5,10,"15/11/2016 13:19:53",1,4
"Achernar",1617,5,10,"15/11/2016 13:19:53",1,5
"Achernar",1617,5,10,"15/11/2016 13:20:07",2,1
"Achernar",1617,5,10,"15/11/2016 13:20:07",2,2
"Achernar",1617,5,10,"15/11/2016 13:20:08",2,4
"Achernar",1617,5,10,"15/11/2016 13:20:09",2,3
"Achernar",1617,5,10,"15/11/2016 13:22:06",2,1
"Achernar",1617,5,10,"15/11/2016 13:22:06",2,2
"Achernar",1617,5,10,"15/11/2016 13:23:24",2,1
"Achernar",1617,5,10,"15/11/2016 13:23:25",2,2
"Achernar",1617,5,10,"15/11/2016 13:23:26",2,4
"Achernar",1617,5,10,"15/11/2016 13:23:27",2,3
"Achernar",1617,5,10,"15/11/2016 13:24:15",2,1
"Achernar",1617,5,10,"15/11/2016 13:24:16",2,2
"Achernar",1617,5,10,"15/11/2016 13:25:39",2,1
"Achernar",1617,5,10,"15/11/2016 13:25:40",2,2
"Achernar",1617,5,10,"15/11/2016 13:25:41",2,4
"Achernar",1617,5,10,"15/11/2016 13:25:42",2,3
"Achernar",1617,5,10,"15/11/2016 13:25:47",2,5
"Achernar",1617,5,10,"15/11/2016 13:27:03",2,1
"Achernar",1617,5,10,"15/11/2016 13:27:03",2,2
"Achernar",1617,5,10,"15/11/2016 13:27:04",2,4
"Achernar",1617,5,10,"15/11/2016 13:27:05",2,3
"Achernar",1617,5,10,"15/11/2016 13:27:10",2,5
"Achernar",1617,5,10,"15/11/2016 13:27:26",3,1
"Achernar",1617,5,10,"15/11/2016 13:27:26",3,2
"Achernar",1617,5,10,"15/11/2016 13:27:28",3,3
"Achernar",1617,5,10,"15/11/2016 13:27:30",3,4
"Achernar",1617,5,10,"15/11/2016 13:27:31",3,5
"Achernar",1617,5,10,"15/11/2016 13:28:14",4,1
"Achernar",1617,5,10,"15/11/2016 13:28:14",4,2
"Achernar",1617,5,10,"15/11/2016 13:28:17",4,3
"Achernar",1617,5,10,"15/11/2016 13:28:21",4,4
"Achernar",1617,5,10,"15/11/2016 13:28:21",4,5
"Achernar",1617,5,10,"15/11/2016 13:29:20",5,1
"Achernar",1617,5,10,"15/11/2016 13:29:20",5,2
"Achernar",1617,5,10,"15/11/2016 13:29:23",5,3
"Achernar",1617,5,10,"15/11/2016 13:29:26",5,4
"Achernar",1617,5,10,"15/11/2016 13:29:27",5,5
"Achernar",1617,5,10,"15/11/2016 13:29:53",6,1
"Achernar",1617,5,10,"15/11/2016 13:29:53",6,2
"Achernar",1617,5,10,"15/11/2016 13:29:56",6,3
"Achernar",1617,5,10,"15/11/2016 13:30:34",6,1
"Achernar",1617,5,10,"15/11/2016 13:30:35",6,2
"Achernar",1617,5,10,"15/11/2016 13:30:37",6,3
"Achernar",1617,5,10,"15/11/2016 13:31:18",6,1
"Achernar",1617,5,10,"15/11/2016 13:31:18",6,2
"Achernar",1617,5,10,"15/11/2016 13:31:20",6,3
"Achernar",1617,5,10,"15/11/2016 13:31:43",6,1
"Achernar",1617,5,10,"15/11/2016 13:31:43",6,2
"Achernar",1617,5,10,"15/11/2016 13:32:41",6,1
"Achernar",1617,5,10,"15/11/2016 13:32:41",6,2
"Achernar",1617,5,10,"15/11/2016 13:32:43",6,3
"Achernar",1617,5,10,"15/11/2016 13:33:11",6,1
"Achernar",1617,5,10,"15/11/2016 13:33:11",6,2
"Achernar",1617,5,10,"15/11/2016 13:34:51",6,1
"Achernar",1617,5,10,"15/11/2016 13:34:51",6,2
"Achernar",1617,5,10,"15/11/2016 13:34:53",6,3
"Achernar",1617,5,10,"15/11/2016 13:35:05",6,1
"Achernar",1617,5,10,"15/11/2016 13:35:06",6,2
"Achernar",1617,5,10,"15/11/2016 13:36:27",6,1
"Achernar",1617,5,10,"15/11/2016 13:36:27",6,2
"Achernar",1617,5,10,"15/11/2016 13:37:15",6,1
"Achernar",1617,5,10,"15/11/2016 13:37:15",6,2
"Achernar",1617,5,10,"15/11/2016 13:37:18",6,3
"Achernar",1617,5,10,"15/11/2016 13:37:43",6,1
"Achernar",1617,5,10,"15/11/2016 13:37:44",6,2
"Achernar",1617,5,10,"15/11/2016 13:37:46",6,3
"Achernar",1617,5,10,"15/11/2016 13:39:05",7,1
"Achernar",1617,5,10,"15/11/2016 13:39:06",7,2
"Achernar",1617,5,10,"15/11/2016 13:39:08",7,3
"Achernar",1617,5,10,"15/11/2016 13:39:13",7,4
"Achernar",1617,5,10,"15/11/2016 13:39:14",7,5
"Achernar",1617,5,10,"15/11/2016 13:39:50",8,1
"Achernar",1617,5,10,"15/11/2016 13:39:50",8,2
"Achernar",1617,5,10,"15/11/2016 13:39:52",8,3
"Achernar",1617,5,10,"15/11/2016 13:40:00",8,4
"Achernar",1617,5,10,"15/11/2016 13:40:01",8,5
"Achernar",1617,5,10,"15/11/2016 13:40:43",9,1
"Achernar",1617,5,10,"15/11/2016 13:40:44",9,2
"Achernar",1617,5,10,"15/11/2016 13:40:46",9,3
"Achernar",1617,5,10,"15/11/2016 13:40:49",9,4
"Achernar",1617,5,10,"15/11/2016 13:41:25",9,1
"Achernar",1617,5,10,"15/11/2016 13:41:25",9,2
"Achernar",1617,5,10,"15/11/2016 13:42:49",9,1
"Achernar",1617,5,10,"15/11/2016 13:42:50",9,2
"Achernar",1617,5,10,"15/11/2016 13:42:52",9,3
"Achernar",1617,5,10,"15/11/2016 13:43:35",9,1
"Achernar",1617,5,10,"15/11/2016 13:43:35",9,2
"Achernar",1617,5,10,"15/11/2016 13:47:39",1,1
"Achernar",1617,5,10,"15/11/2016 13:47:40",1,2
"Achernar",1617,5,10,"15/11/2016 13:47:41",1,4
"Achernar",1617,5,10,"15/11/2016 13:47:42",1,5
"Achernar",1617,5,10,"15/11/2016 13:47:47",2,1
"Achernar",1617,5,10,"15/11/2016 13:47:47",2,2
"Achernar",1617,5,10,"15/11/2016 13:47:49",2,4
"Achernar",1617,5,10,"15/11/2016 13:47:50",2,3
"Achernar",1617,5,10,"15/11/2016 13:47:55",2,5
"Achernar",1617,5,10,"15/11/2016 13:48:01",3,1
"Achernar",1617,5,10,"15/11/2016 13:48:01",3,2
"Achernar",1617,5,10,"15/11/2016 13:48:03",3,3
"Achernar",1617,5,10,"15/11/2016 13:48:05",3,4
"Achernar",1617,5,10,"15/11/2016 13:48:05",3,5
"Achernar",1617,5,10,"15/11/2016 13:48:11",4,1
"Achernar",1617,5,10,"15/11/2016 13:48:11",4,2
"Achernar",1617,5,10,"15/11/2016 13:48:13",4,3
"Achernar",1617,5,10,"15/11/2016 13:48:16",4,4
"Achernar",1617,5,10,"15/11/2016 13:48:17",4,5
"Achernar",1617,5,10,"15/11/2016 13:48:24",5,1
"Achernar",1617,5,10,"15/11/2016 13:48:24",5,2
"Achernar",1617,5,10,"15/11/2016 13:48:26",5,3
"Achernar",1617,5,10,"15/11/2016 13:48:29",5,4
"Achernar",1617,5,10,"15/11/2016 13:48:30",5,5
"Achernar",1617,5,10,"15/11/2016 13:48:35",7,1
"Achernar",1617,5,10,"15/11/2016 13:48:35",7,2
"Achernar",1617,5,10,"15/11/2016 13:48:37",7,3
"Achernar",1617,5,10,"15/11/2016 13:48:42",7,4
"Achernar",1617,5,10,"15/11/2016 13:48:43",7,5
"Achernar",1617,5,10,"15/11/2016 13:48:48",8,1
"Achernar",1617,5,10,"15/11/2016 13:48:48",8,2
"Achernar",1617,5,10,"15/11/2016 13:48:51",8,3
"Achernar",1617,5,10,"15/11/2016 13:49:00",8,4
"Achernar",1617,5,10,"15/11/2016 13:49:00",8,5
"Achernar",1617,5,10,"16/11/2016 9:43:58",6,1
"Achernar",1617,5,10,"16/11/2016 9:43:58",6,2
"Achernar",1617,5,10,"16/11/2016 9:44:02",6,3
"Achernar",1617,5,10,"16/11/2016 9:46:01",6,1
"Achernar",1617,5,10,"16/11/2016 9:46:01",6,2
"Achernar",1617,5,10,"16/11/2016 9:54:45",6,1
"Achernar",1617,5,10,"16/11/2016 9:54:45",6,2
"Achernar",1617,5,10,"16/11/2016 9:54:52",6,3
"Achernar",1617,5,10,"16/11/2016 9:57:48",6,1
"Achernar",1617,5,10,"16/11/2016 9:57:48",6,2
"Achernar",1617,5,10,"16/11/2016 9:57:53",6,3
"Achernar",1617,5,10,"16/11/2016 9:59:20",6,1
"Achernar",1617,5,10,"16/11/2016 9:59:21",6,2
"Achernar",1617,5,10,"16/11/2016 10:23:49",6,1
"Achernar",1617,5,10,"16/11/2016 10:23:50",6,2
"Achernar",1617,5,10,"16/11/2016 10:23:56",6,3
"Achernar",1617,5,10,"16/11/2016 10:24:31",6,4
"Achernar",1617,5,10,"16/11/2016 10:24:33",6,5
"Achernar",1617,5,10,"16/11/2016 10:25:16",6,1
"Achernar",1617,5,10,"16/11/2016 10:25:16",6,2
"Achernar",1617,5,10,"16/11/2016 10:25:24",6,3
"Achernar",1617,5,10,"16/11/2016 10:26:51",6,1
"Achernar",1617,5,10,"16/11/2016 10:26:52",6,2
"Achernar",1617,5,10,"16/11/2016 10:28:24",6,1
"Achernar",1617,5,10,"16/11/2016 10:28:25",6,2
"Achernar",1617,5,10,"16/11/2016 10:28:35",6,3
"Achernar",1617,5,10,"16/11/2016 10:32:11",6,1
"Achernar",1617,5,10,"16/11/2016 10:32:11",6,2
"Achernar",1617,5,10,"16/11/2016 10:34:36",6,1
"Achernar",1617,5,10,"16/11/2016 10:34:37",6,2
"Achernar",1617,5,10,"16/11/2016 10:34:42",6,3
"Achernar",1617,5,10,"16/11/2016 10:37:38",6,4
"Achernar",1617,5,10,"16/11/2016 10:37:41",6,5
"Achernar",1617,5,10,"16/11/2016 17:24:54",6,1
"Achernar",1617,5,10,"16/11/2016 17:24:54",6,2
"Achernar",1617,5,10,"16/11/2016 17:24:58",6,3
"Achernar",1617,5,10,"16/11/2016 17:25:16",6,4
"Achernar",1617,5,10,"16/11/2016 17:25:17",6,5
"Achernar",1617,5,10,"17/11/2016 20:34:32",9,1
"Achernar",1617,5,10,"17/11/2016 20:34:32",9,2
"Achernar",1617,5,10,"17/11/2016 20:34:37",9,3
"Achernar",1617,5,10,"17/11/2016 20:34:41",9,4
"Achernar",1617,5,10,"17/11/2016 20:35:53",9,1
"Achernar",1617,5,10,"17/11/2016 20:35:53",9,2
"Achernar",1617,5,10,"17/11/2016 20:40:24",9,1
"Achernar",1617,5,10,"17/11/2016 20:40:24",9,2
"Achernar",1617,5,10,"17/11/2016 20:40:28",9,3
"Achernar",1617,5,10,"17/11/2016 20:40:32",9,4
"Achernar",1617,5,10,"17/11/2016 20:41:07",9,1
"Achernar",1617,5,10,"17/11/2016 20:41:07",9,2
"Achernar",1617,5,10,"17/11/2016 20:44:45",9,1
"Achernar",1617,5,10,"17/11/2016 20:44:46",9,2
"Achernar",1617,5,10,"17/11/2016 20:44:49",9,3
"Achernar",1617,5,10,"17/11/2016 20:44:53",9,4
"Achernar",1617,5,10,"17/11/2016 20:46:50",9,1
"Achernar",1617,5,10,"17/11/2016 20:46:50",9,2
"Achernar",1617,5,10,"17/11/2016 20:48:07",9,1
"Achernar",1617,5,10,"17/11/2016 20:48:07",9,2
"Achernar",1617,5,10,"17/11/2016 20:48:12",9,3
"Achernar",1617,5,10,"17/11/2016 20:48:16",9,4
"Achernar",1617,5,10,"17/11/2016 20:48:42",9,1
"Achernar",1617,5,10,"17/11/2016 20:48:42",9,2
"Achernar",1617,5,10,"17/11/2016 20:50:20",9,1
"Achernar",1617,5,10,"17/11/2016 20:50:20",9,2
"Achernar",1617,5,10,"17/11/2016 20:50:24",9,3
"Achernar",1617,5,10,"17/11/2016 20:50:29",9,4
"Achernar",1617,5,10,"17/11/2016 20:56:28",9,1
"Achernar",1617,5,10,"17/11/2016 20:56:28",9,2
"Achernar",1617,5,10,"17/11/2016 20:56:32",9,3
"Achernar",1617,5,10,"17/11/2016 20:56:37",9,4
"Achernar",1617,5,10,"17/11/2016 21:07:23",1,1
"Achernar",1617,5,10,"17/11/2016 21:07:23",1,2
"Achernar",1617,5,10,"17/11/2016 21:07:26",1,4
"Achernar",1617,5,10,"17/11/2016 21:07:27",1,5
"Achernar",1617,5,10,"17/11/2016 21:07:39",2,1
"Achernar",1617,5,10,"17/11/2016 21:07:39",2,2
"Achernar",1617,5,10,"17/11/2016 21:07:42",2,4
"Achernar",1617,5,10,"17/11/2016 21:07:43",2,3
"Achernar",1617,5,10,"17/11/2016 21:07:53",2,5
"Achernar",1617,5,10,"17/11/2016 21:08:01",3,1
"Achernar",1617,5,10,"17/11/2016 21:08:01",3,2
"Achernar",1617,5,10,"17/11/2016 21:08:05",3,3
"Achernar",1617,5,10,"17/11/2016 21:08:08",3,4
"Achernar",1617,5,10,"17/11/2016 21:08:10",3,5
"Achernar",1617,5,10,"17/11/2016 21:08:30",4,1
"Achernar",1617,5,10,"17/11/2016 21:08:31",4,2
"Achernar",1617,5,10,"17/11/2016 21:08:35",4,3
"Achernar",1617,5,10,"17/11/2016 21:08:44",4,4
"Achernar",1617,5,10,"17/11/2016 21:08:45",4,5
"Achernar",1617,5,10,"17/11/2016 21:08:59",5,1
"Achernar",1617,5,10,"17/11/2016 21:08:59",5,2
"Achernar",1617,5,10,"17/11/2016 21:09:03",5,3
"Achernar",1617,5,10,"17/11/2016 21:09:09",5,4
"Achernar",1617,5,10,"17/11/2016 21:09:11",5,5
"Achernar",1617,5,10,"17/11/2016 21:09:21",6,1
"Achernar",1617,5,10,"17/11/2016 21:09:21",6,2
"Achernar",1617,5,10,"17/11/2016 21:09:25",6,3
"Achernar",1617,5,10,"17/11/2016 21:09:45",6,4
"Achernar",1617,5,10,"17/11/2016 21:09:46",6,5
"Achernar",1617,5,10,"17/11/2016 21:10:06",7,1
"Achernar",1617,5,10,"17/11/2016 21:10:06",7,2
"Achernar",1617,5,10,"17/11/2016 21:10:10",7,3
"Achernar",1617,5,10,"17/11/2016 21:10:20",7,4
"Achernar",1617,5,10,"17/11/2016 21:10:21",7,5
"Achernar",1617,5,10,"17/11/2016 21:10:54",8,1
"Achernar",1617,5,10,"17/11/2016 21:10:54",8,2
"Achernar",1617,5,10,"17/11/2016 21:11:02",8,3
"Achernar",1617,5,10,"17/11/2016 21:11:24",8,4
"Achernar",1617,5,10,"17/11/2016 21:11:26",8,5
"Achernar",1617,5,10,"17/11/2016 21:11:37",9,1
"Achernar",1617,5,10,"17/11/2016 21:11:37",9,2
"Achernar",1617,5,10,"17/11/2016 21:11:43",9,3
"Achernar",1617,5,10,"17/11/2016 21:11:48",9,4
"Achernar",1617,5,10,"17/11/2016 21:12:02",9,1
"Achernar",1617,5,10,"17/11/2016 21:12:02",9,2
"Achernar",1617,5,10,"17/11/2016 21:12:07",9,3
"Achernar",1617,5,10,"17/11/2016 21:13:57",9,4
"Achernar",1617,5,10,"17/11/2016 21:13:59",9,5
"Achernar",1617,5,10,"17/11/2016 21:15:45",9,1
"Achernar",1617,5,10,"17/11/2016 21:15:45",9,2
"Achernar",1617,5,10,"17/11/2016 21:15:50",9,3
"Achernar",1617,5,10,"17/11/2016 21:15:54",9,4
"Achernar",1617,5,10,"17/11/2016 21:17:11",9,1
"Achernar",1617,5,10,"17/11/2016 21:17:11",9,2
"Achernar",1617,5,10,"17/11/2016 21:17:14",9,3
"Achernar",1617,5,10,"17/11/2016 21:17:18",9,4
"Achernar",1617,5,10,"17/11/2016 21:20:29",9,1
"Achernar",1617,5,10,"17/11/2016 21:20:30",9,2
"Achernar",1617,5,10,"17/11/2016 21:20:34",9,3
"Achernar",1617,5,10,"17/11/2016 21:22:50",9,4
"Achernar",1617,5,10,"17/11/2016 21:22:52",9,5
"Achernar",1617,5,10,"22/11/2016 13:18:25",9,1
"Achernar",1617,5,10,"22/11/2016 13:18:25",9,2
"Achernar",1617,5,10,"22/11/2016 13:18:31",9,3
"Achernar",1617,5,10,"22/11/2016 13:19:22",9,4
"Achernar",1617,5,10,"22/11/2016 13:19:24",9,5
"Achernar",1617,5,10,"22/11/2016 13:24:03",9,1
"Achernar",1617,5,10,"22/11/2016 13:24:03",9,2
"Achernar",1617,5,10,"22/11/2016 13:24:07",9,3
"Achernar",1617,5,10,"22/11/2016 13:24:42",9,4
"Achernar",1617,5,10,"22/11/2016 13:24:43",9,5
"Achernar",1617,5,10,"22/11/2016 15:33:42",9,1
"Achernar",1617,5,10,"22/11/2016 15:33:42",9,2
"Achernar",1617,5,10,"22/11/2016 15:33:48",9,3
"Achernar",1617,5,10,"22/11/2016 15:34:19",9,4
"Achernar",1617,5,10,"22/11/2016 15:34:21",9,5
"Izar",1617,4.5,10,"10/11/2016 0:38:34",1,1
"Izar",1617,4.5,10,"10/11/2016 0:44:08",1,1
"Izar",1617,4.5,10,"10/11/2016 12:28:30",1,1
"Izar",1617,4.5,10,"10/11/2016 12:35:17",1,1
"Izar",1617,4.5,10,"10/11/2016 12:37:18",1,1
"Izar",1617,4.5,10,"10/11/2016 12:53:00",1,1
"Izar",1617,4.5,10,"10/11/2016 12:54:48",1,1
"Izar",1617,4.5,10,"10/11/2016 12:55:03",1,1
"Izar",1617,4.5,10,"10/11/2016 12:55:11",1,1
"Izar",1617,4.5,10,"10/11/2016 12:57:22",1,1
"Izar",1617,4.5,10,"10/11/2016 12:58:09",1,1
"Izar",1617,4.5,10,"10/11/2016 12:59:17",1,1
"Izar",1617,4.5,10,"10/11/2016 13:04:54",1,1
"Izar",1617,4.5,10,"10/11/2016 13:05:25",1,1
"Izar",1617,4.5,10,"10/11/2016 13:15:06",1,1
"Izar",1617,4.5,10,"10/11/2016 13:19:07",1,1
"Izar",1617,4.5,10,"10/11/2016 13:20:16",1,1
"Izar",1617,4.5,10,"10/11/2016 13:20:43",1,1
"Izar",1617,4.5,10,"10/11/2016 13:21:33",1,1
"Izar",1617,4.5,10,"10/11/2016 13:22:31",1,1
"Izar",1617,4.5,10,"10/11/2016 13:23:42",1,1
"Izar",1617,4.5,10,"10/11/2016 13:24:48",1,1
"Izar",1617,4.5,10,"10/11/2016 19:33:24",1,1
"Izar",1617,4.5,10,"10/11/2016 19:38:06",1,1
"Izar",1617,4.5,10,"10/11/2016 19:43:46",1,1
"Izar",1617,4.5,10,"10/11/2016 19:44:34",1,1
"Izar",1617,4.5,10,"10/11/2016 19:45:53",1,1
"Izar",1617,4.5,10,"10/11/2016 19:46:29",1,1
"Izar",1617,4.5,10,"10/11/2016 19:46:43",1,1
"Izar",1617,4.5,10,"10/11/2016 19:48:14",1,1
"Izar",1617,4.5,10,"10/11/2016 19:49:14",1,1
"Izar",1617,4.5,10,"10/11/2016 19:52:02",1,1
"Izar",1617,4.5,10,"10/11/2016 20:08:30",1,1
"Izar",1617,4.5,10,"10/11/2016 20:10:51",1,1
"Izar",1617,4.5,10,"10/11/2016 20:18:22",1,1
"Izar",1617,4.5,10,"10/11/2016 20:20:19",1,1
"Izar",1617,4.5,10,"10/11/2016 20:24:04",1,1
"Izar",1617,4.5,10,"10/11/2016 20:24:47",1,1
"Izar",1617,4.5,10,"10/11/2016 20:25:13",1,1
"Izar",1617,4.5,10,"10/11/2016 20:27:29",1,1
"Izar",1617,4.5,10,"10/11/2016 20:28:01",1,1
"Izar",1617,4.5,10,"10/11/2016 20:28:39",1,1
"Izar",1617,4.5,10,"10/11/2016 20:34:58",1,1
"Izar",1617,4.5,10,"10/11/2016 20:41:16",1,1
"Izar",1617,4.5,10,"10/11/2016 20:42:26",1,1
"Izar",1617,4.5,10,"10/11/2016 20:42:46",1,1
"Izar",1617,4.5,10,"10/11/2016 20:43:22",1,1
"Izar",1617,4.5,10,"10/11/2016 20:43:51",1,1
"Izar",1617,4.5,10,"10/11/2016 20:44:24",1,1
"Izar",1617,4.5,10,"10/11/2016 20:45:52",1,1
"Izar",1617,4.5,10,"10/11/2016 20:49:24",1,1
"Izar",1617,4.5,10,"10/11/2016 20:51:33",1,1
"Izar",1617,4.5,10,"10/11/2016 20:52:42",1,1
"Izar",1617,4.5,10,"10/11/2016 20:56:11",1,1
"Izar",1617,4.5,10,"10/11/2016 20:57:29",1,1
"Izar",1617,4.5,10,"10/11/2016 20:57:55",1,1
"Izar",1617,4.5,10,"10/11/2016 20:58:19",1,1
"Izar",1617,4.5,10,"10/11/2016 21:00:06",1,1
"Izar",1617,4.5,10,"10/11/2016 21:00:14",1,1
"Izar",1617,4.5,10,"10/11/2016 21:01:25",1,1
"Izar",1617,4.5,10,"10/11/2016 21:01:57",1,1
"Izar",1617,4.5,10,"10/11/2016 21:02:20",1,1
"Izar",1617,4.5,10,"10/11/2016 21:03:54",1,1
"Izar",1617,4.5,10,"10/11/2016 21:04:37",1,1
"Izar",1617,4.5,10,"10/11/2016 21:05:45",1,1
"Izar",1617,4.5,10,"10/11/2016 21:06:49",1,1
"Izar",1617,4.5,10,"10/11/2016 21:08:32",1,1
"Izar",1617,4.5,10,"10/11/2016 21:09:32",1,1
"Izar",1617,4.5,10,"10/11/2016 21:10:16",1,1
"Izar",1617,4.5,10,"10/11/2016 21:10:39",1,1
"Izar",1617,4.5,10,"10/11/2016 21:11:52",1,1
"Izar",1617,4.5,10,"10/11/2016 21:12:46",1,1
"Izar",1617,4.5,10,"10/11/2016 21:13:25",1,1
"Izar",1617,4.5,10,"10/11/2016 21:14:28",1,1
"Izar",1617,4.5,10,"10/11/2016 21:15:26",1,1
"Izar",1617,4.5,10,"10/11/2016 21:15:40",1,1
"Izar",1617,4.5,10,"10/11/2016 21:16:13",1,1
"Izar",1617,4.5,10,"12/11/2016 10:47:08",1,1
"Izar",1617,4.5,10,"12/11/2016 11:39:34",1,1
"Izar",1617,4.5,10,"12/11/2016 12:30:45",1,1
"Izar",1617,4.5,10,"12/11/2016 12:51:46",1,1
"Izar",1617,4.5,10,"15/11/2016 11:38:25",1,1
"Izar",1617,4.5,10,"15/11/2016 12:59:41",1,1
"Izar",1617,4.5,10,"15/11/2016 13:40:51",1,1
"Izar",1617,4.5,10,"15/11/2016 13:43:32",1,1
"Izar",1617,4.5,10,"15/11/2016 13:45:57",1,1
"Izar",1617,4.5,10,"15/11/2016 13:49:25",1,1
"Izar",1617,4.5,10,"15/11/2016 13:49:47",1,1
"Izar",1617,4.5,10,"15/11/2016 13:50:57",1,1
"Izar",1617,4.5,10,"15/11/2016 13:54:07",1,1
"Izar",1617,4.5,10,"15/11/2016 14:00:49",1,1
"Izar",1617,4.5,10,"15/11/2016 14:05:13",1,1
"Izar",1617,4.5,10,"15/11/2016 14:09:40",1,1
"Izar",1617,4.5,10,"15/11/2016 14:10:21",1,1
"Izar",1617,4.5,10,"15/11/2016 14:15:05",1,1
"Izar",1617,4.5,10,"15/11/2016 14:16:58",1,1
"Izar",1617,4.5,10,"15/11/2016 14:48:13",1,1
"Izar",1617,4.5,10,"15/11/2016 14:50:22",1,1
"Izar",1617,4.5,10,"15/11/2016 14:50:23",1,2
"Izar",1617,4.5,10,"15/11/2016 14:56:52",1,1
"Izar",1617,4.5,10,"15/11/2016 14:56:53",1,2
"Izar",1617,4.5,10,"15/11/2016 14:58:00",1,1
"Izar",1617,4.5,10,"15/11/2016 14:58:01",1,2
"Izar",1617,4.5,10,"15/11/2016 14:59:13",1,1
"Izar",1617,4.5,10,"15/11/2016 14:59:14",1,2
"Izar",1617,4.5,10,"15/11/2016 15:01:24",1,1
"Izar",1617,4.5,10,"15/11/2016 15:01:26",1,2
"Izar",1617,4.5,10,"15/11/2016 15:05:44",1,1
"Izar",1617,4.5,10,"15/11/2016 15:06:23",1,1
"Izar",1617,4.5,10,"15/11/2016 15:06:25",1,2
"Izar",1617,4.5,10,"15/11/2016 15:07:01",1,4
"Izar",1617,4.5,10,"15/11/2016 15:07:14",1,5
"Izar",1617,4.5,10,"15/11/2016 15:07:37",1,1
"Izar",1617,4.5,10,"15/11/2016 15:23:06",1,1
"Izar",1617,4.5,10,"15/11/2016 15:23:07",1,2
"Izar",1617,4.5,10,"15/11/2016 15:23:47",1,4
"Izar",1617,4.5,10,"15/11/2016 15:24:01",1,5
"Izar",1617,4.5,10,"15/11/2016 15:32:24",1,1
"Izar",1617,4.5,10,"15/11/2016 15:32:25",1,2
"Izar",1617,4.5,10,"15/11/2016 15:34:13",1,1
"Izar",1617,4.5,10,"15/11/2016 15:36:36",1,1
"Izar",1617,4.5,10,"15/11/2016 15:36:37",1,2
"Izar",1617,4.5,10,"15/11/2016 15:36:58",1,4
"Izar",1617,4.5,10,"15/11/2016 15:37:05",1,5
"Izar",1617,4.5,10,"15/11/2016 15:38:38",1,1
"Izar",1617,4.5,10,"15/11/2016 15:38:39",1,2
"Izar",1617,4.5,10,"15/11/2016 15:39:00",1,4
"Izar",1617,4.5,10,"15/11/2016 15:39:07",1,5
"Izar",1617,4.5,10,"15/11/2016 15:48:49",1,1
"Izar",1617,4.5,10,"15/11/2016 15:48:50",1,2
"Izar",1617,4.5,10,"15/11/2016 15:49:10",1,4
"Izar",1617,4.5,10,"15/11/2016 15:49:17",1,5
"Izar",1617,4.5,10,"15/11/2016 15:49:47",1,1
"Izar",1617,4.5,10,"15/11/2016 15:49:48",1,2
"Izar",1617,4.5,10,"15/11/2016 15:55:06",1,1
"Izar",1617,4.5,10,"15/11/2016 15:55:07",1,2
"Izar",1617,4.5,10,"15/11/2016 15:55:46",1,1
"Izar",1617,4.5,10,"15/11/2016 15:55:46",1,2
"Izar",1617,4.5,10,"15/11/2016 15:56:07",1,4
"Izar",1617,4.5,10,"15/11/2016 15:56:14",1,5
"Izar",1617,4.5,10,"15/11/2016 16:09:40",1,1
"Izar",1617,4.5,10,"15/11/2016 16:09:40",1,2
"Izar",1617,4.5,10,"15/11/2016 16:27:13",1,1
"Izar",1617,4.5,10,"15/11/2016 16:29:01",1,1
"Izar",1617,4.5,10,"15/11/2016 16:29:01",1,2
"Izar",1617,4.5,10,"15/11/2016 16:30:21",1,1
"Izar",1617,4.5,10,"15/11/2016 16:31:00",1,1
"Izar",1617,4.5,10,"15/11/2016 16:31:01",1,2
"Izar",1617,4.5,10,"15/11/2016 16:31:22",1,4
"Izar",1617,4.5,10,"15/11/2016 16:31:30",1,5
"Izar",1617,4.5,10,"15/11/2016 16:35:22",2,1
"Izar",1617,4.5,10,"15/11/2016 16:37:17",2,1
"Izar",1617,4.5,10,"15/11/2016 16:39:23",2,1
"Izar",1617,4.5,10,"15/11/2016 16:39:34",2,2
"Izar",1617,4.5,10,"15/11/2016 16:47:16",2,4
"Izar",1617,4.5,10,"15/11/2016 16:49:30",2,3
"Izar",1617,4.5,10,"15/11/2016 17:00:33",2,1
"Izar",1617,4.5,10,"15/11/2016 17:08:55",2,1
"Izar",1617,4.5,10,"15/11/2016 17:09:07",2,2
"Izar",1617,4.5,10,"15/11/2016 17:11:25",2,1
"Izar",1617,4.5,10,"15/11/2016 17:11:37",2,2
"Izar",1617,4.5,10,"15/11/2016 17:13:06",1,1
"Izar",1617,4.5,10,"15/11/2016 17:13:18",1,2
"Izar",1617,4.5,10,"15/11/2016 17:14:35",1,1
"Izar",1617,4.5,10,"15/11/2016 17:14:48",1,2
"Izar",1617,4.5,10,"15/11/2016 17:40:41",1,1
"Izar",1617,4.5,10,"15/11/2016 17:40:57",1,2
"Izar",1617,4.5,10,"15/11/2016 18:01:41",1,1
"Izar",1617,4.5,10,"15/11/2016 18:01:57",1,2
"Izar",1617,4.5,10,"15/11/2016 18:05:56",1,1
"Izar",1617,4.5,10,"15/11/2016 18:06:11",1,2
"Izar",1617,4.5,10,"15/11/2016 18:23:34",1,1
"Izar",1617,4.5,10,"15/11/2016 18:23:52",1,2
"Izar",1617,4.5,10,"15/11/2016 18:34:42",1,1
"Izar",1617,4.5,10,"15/11/2016 18:35:02",1,2
"Izar",1617,4.5,10,"15/11/2016 18:59:47",1,1
"Izar",1617,4.5,10,"15/11/2016 19:00:05",1,2
"Izar",1617,4.5,10,"15/11/2016 19:07:32",1,1
"Izar",1617,4.5,10,"15/11/2016 19:07:49",1,2
"Izar",1617,4.5,10,"15/11/2016 19:14:31",1,1
"Izar",1617,4.5,10,"15/11/2016 19:15:32",1,1
"Izar",1617,4.5,10,"15/11/2016 19:19:20",1,1
"Izar",1617,4.5,10,"15/11/2016 19:20:14",1,1
"Izar",1617,4.5,10,"15/11/2016 19:25:51",1,1
"Izar",1617,4.5,10,"15/11/2016 19:26:08",1,2
"Izar",1617,4.5,10,"15/11/2016 19:35:13",1,4
"Izar",1617,4.5,10,"15/11/2016 19:38:22",1,5
"Izar",1617,4.5,10,"15/11/2016 22:02:14",1,1
"Izar",1617,4.5,10,"15/11/2016 22:03:10",1,1
"Izar",1617,4.5,10,"15/11/2016 22:06:28",1,1
"Izar",1617,4.5,10,"15/11/2016 22:06:46",1,2
"Izar",1617,4.5,10,"15/11/2016 22:16:49",1,4
"Izar",1617,4.5,10,"15/11/2016 22:20:33",1,5
"Izar",1617,4.5,10,"15/11/2016 22:30:47",1,1
"Izar",1617,4.5,10,"15/11/2016 22:30:57",1,2
"Izar",1617,4.5,10,"15/11/2016 22:36:38",1,4
"Izar",1617,4.5,10,"15/11/2016 22:38:01",1,5
"Izar",1617,4.5,10,"15/11/2016 22:41:44",1,1
"Izar",1617,4.5,10,"15/11/2016 22:41:52",1,2
"Izar",1617,4.5,10,"15/11/2016 22:46:02",1,4
"Izar",1617,4.5,10,"15/11/2016 22:47:31",1,5
"Izar",1617,4.5,10,"15/11/2016 23:02:45",1,1
"Izar",1617,4.5,10,"15/11/2016 23:02:53",1,2
"Izar",1617,4.5,10,"15/11/2016 23:06:58",1,4
"Izar",1617,4.5,10,"15/11/2016 23:08:22",1,5
"Izar",1617,4.5,10,"15/11/2016 23:16:24",1,1
"Izar",1617,4.5,10,"15/11/2016 23:16:31",1,2
"Izar",1617,4.5,10,"15/11/2016 23:20:35",1,4
"Izar",1617,4.5,10,"15/11/2016 23:22:03",1,5
"Izar",1617,4.5,10,"15/11/2016 23:33:51",1,1
"Izar",1617,4.5,10,"15/11/2016 23:33:59",1,2
"Izar",1617,4.5,10,"15/11/2016 23:37:48",1,4
"Izar",1617,4.5,10,"15/11/2016 23:39:01",1,5
"Izar",1617,4.5,10,"15/11/2016 23:49:48",1,1
"Izar",1617,4.5,10,"15/11/2016 23:49:55",1,2
"Izar",1617,4.5,10,"15/11/2016 23:53:31",1,4
"Izar",1617,4.5,10,"15/11/2016 23:54:39",1,5
"Izar",1617,4.5,10,"16/11/2016 0:00:38",1,1
"Izar",1617,4.5,10,"16/11/2016 0:00:46",1,2
"Izar",1617,4.5,10,"16/11/2016 0:04:11",1,4
"Izar",1617,4.5,10,"16/11/2016 0:05:24",1,5
"Izar",1617,4.5,10,"16/11/2016 0:08:44",1,1
"Izar",1617,4.5,10,"16/11/2016 0:08:51",1,2
"Izar",1617,4.5,10,"16/11/2016 0:12:18",1,4
"Izar",1617,4.5,10,"16/11/2016 0:13:34",1,5
"Izar",1617,4.5,10,"16/11/2016 10:10:53",1,1
"Izar",1617,4.5,10,"16/11/2016 10:11:11",1,2
"Izar",1617,4.5,10,"16/11/2016 10:17:46",1,4
"Izar",1617,4.5,10,"16/11/2016 10:19:28",1,5
"Izar",1617,4.5,10,"16/11/2016 10:20:48",1,1
"Izar",1617,4.5,10,"16/11/2016 10:20:57",1,2
"Izar",1617,4.5,10,"16/11/2016 10:26:24",1,4
"Izar",1617,4.5,10,"16/11/2016 10:28:52",1,5
"Izar",1617,4.5,10,"16/11/2016 10:37:03",1,1
"Izar",1617,4.5,10,"16/11/2016 10:37:14",1,2
"Izar",1617,4.5,10,"16/11/2016 10:40:26",1,4
"Izar",1617,4.5,10,"16/11/2016 10:41:17",1,5
"Izar",1617,4.5,10,"16/11/2016 11:04:05",1,1
"Izar",1617,4.5,10,"16/11/2016 11:10:44",1,1
"Izar",1617,4.5,10,"16/11/2016 11:13:23",1,1
"Izar",1617,4.5,10,"16/11/2016 18:03:04",1,1
"Izar",1617,4.5,10,"16/11/2016 18:03:11",1,2
"Izar",1617,4.5,10,"16/11/2016 18:07:36",1,4
"Izar",1617,4.5,10,"16/11/2016 18:09:11",1,5
"Izar",1617,4.5,10,"16/11/2016 18:22:27",1,1
"Izar",1617,4.5,10,"16/11/2016 18:22:36",1,2
"Izar",1617,4.5,10,"16/11/2016 18:27:09",1,4
"Izar",1617,4.5,10,"16/11/2016 18:28:45",1,5
"Izar",1617,4.5,10,"16/11/2016 18:31:35",1,1
"Izar",1617,4.5,10,"16/11/2016 18:31:44",1,2
"Izar",1617,4.5,10,"16/11/2016 18:35:42",1,4
"Izar",1617,4.5,10,"16/11/2016 18:37:08",1,5
"Izar",1617,4.5,10,"16/11/2016 18:42:10",1,1
"Izar",1617,4.5,10,"16/11/2016 18:42:19",1,2
"Izar",1617,4.5,10,"16/11/2016 18:46:51",1,4
"Izar",1617,4.5,10,"16/11/2016 18:48:17",1,5
"Izar",1617,4.5,10,"16/11/2016 19:50:55",1,1
"Izar",1617,4.5,10,"16/11/2016 19:51:03",1,2
"Izar",1617,4.5,10,"16/11/2016 19:55:13",1,1
"Izar",1617,4.5,10,"16/11/2016 19:55:18",1,2
"Izar",1617,4.5,10,"16/11/2016 19:58:43",1,4
"Izar",1617,4.5,10,"16/11/2016 20:00:02",1,5
"Izar",1617,4.5,10,"16/11/2016 20:05:17",1,1
"Izar",1617,4.5,10,"16/11/2016 20:05:25",1,2
"Izar",1617,4.5,10,"16/11/2016 20:09:19",1,4
"Izar",1617,4.5,10,"16/11/2016 20:10:45",1,5
"Izar",1617,4.5,10,"16/11/2016 20:14:36",1,1
"Izar",1617,4.5,10,"16/11/2016 20:14:43",1,2
"Izar",1617,4.5,10,"16/11/2016 20:18:34",1,4
"Izar",1617,4.5,10,"16/11/2016 20:19:57",1,5
"Izar",1617,4.5,10,"16/11/2016 20:20:17",1,3
"Izar",1617,4.5,10,"16/11/2016 20:23:33",1,1
"Izar",1617,4.5,10,"16/11/2016 20:23:41",1,2
"Izar",1617,4.5,10,"16/11/2016 20:27:35",1,4
"Izar",1617,4.5,10,"16/11/2016 20:28:58",1,5
"Izar",1617,4.5,10,"16/11/2016 20:29:19",1,3
"Izar",1617,4.5,10,"16/11/2016 20:31:05",1,1
"Izar",1617,4.5,10,"16/11/2016 20:31:13",1,2
"Izar",1617,4.5,10,"16/11/2016 20:35:09",1,4
"Izar",1617,4.5,10,"16/11/2016 20:36:32",1,5
"Izar",1617,4.5,10,"16/11/2016 20:36:53",1,3
"Izar",1617,4.5,10,"16/11/2016 20:37:43",1,1
"Izar",1617,4.5,10,"16/11/2016 20:37:50",1,2
"Izar",1617,4.5,10,"16/11/2016 20:41:36",1,4
"Izar",1617,4.5,10,"16/11/2016 20:42:55",1,5
"Izar",1617,4.5,10,"16/11/2016 20:43:15",1,3
"Izar",1617,4.5,10,"16/11/2016 20:44:00",1,1
"Izar",1617,4.5,10,"16/11/2016 20:44:07",1,2
"Izar",1617,4.5,10,"16/11/2016 20:47:55",1,4
"Izar",1617,4.5,10,"16/11/2016 20:49:19",1,5
"Izar",1617,4.5,10,"16/11/2016 20:49:40",1,3
"Izar",1617,4.5,10,"16/11/2016 20:50:15",1,1
"Izar",1617,4.5,10,"16/11/2016 20:50:24",1,2
"Izar",1617,4.5,10,"16/11/2016 20:54:22",1,4
"Izar",1617,4.5,10,"16/11/2016 20:55:48",1,5
"Izar",1617,4.5,10,"16/11/2016 20:56:11",1,3
"Izar",1617,4.5,10,"16/11/2016 22:24:08",1,1
"Izar",1617,4.5,10,"16/11/2016 22:24:17",1,2
"Izar",1617,4.5,10,"16/11/2016 22:27:07",1,4
"Izar",1617,4.5,10,"16/11/2016 22:27:56",1,5
"Izar",1617,4.5,10,"16/11/2016 22:28:09",1,3
"Izar",1617,4.5,10,"16/11/2016 22:33:21",1,1
"Izar",1617,4.5,10,"16/11/2016 22:33:25",1,2
"Izar",1617,4.5,10,"16/11/2016 22:35:35",1,4
"Izar",1617,4.5,10,"16/11/2016 22:36:20",1,5
"Izar",1617,4.5,10,"16/11/2016 22:36:33",1,3
"Izar",1617,4.5,10,"16/11/2016 22:50:20",1,1
"Izar",1617,4.5,10,"16/11/2016 22:50:24",1,2
"Izar",1617,4.5,10,"16/11/2016 22:52:55",1,4
"Izar",1617,4.5,10,"16/11/2016 22:53:47",1,5
"Izar",1617,4.5,10,"16/11/2016 22:53:59",1,3
"Izar",1617,4.5,10,"16/11/2016 22:56:23",1,1
"Izar",1617,4.5,10,"16/11/2016 22:56:28",1,2
"Izar",1617,4.5,10,"16/11/2016 22:58:48",1,4
"Izar",1617,4.5,10,"16/11/2016 22:59:34",1,5
"Izar",1617,4.5,10,"16/11/2016 23:00:48",1,1
"Izar",1617,4.5,10,"16/11/2016 23:00:52",1,2
"Izar",1617,4.5,10,"16/11/2016 23:02:58",1,4
"Izar",1617,4.5,10,"16/11/2016 23:03:46",1,5
"Izar",1617,4.5,10,"16/11/2016 23:08:15",1,1
"Izar",1617,4.5,10,"16/11/2016 23:08:19",1,2
"Izar",1617,4.5,10,"16/11/2016 23:09:02",1,3
"Izar",1617,4.5,10,"16/11/2016 23:13:36",1,1
"Izar",1617,4.5,10,"16/11/2016 23:13:39",1,2
"Izar",1617,4.5,10,"16/11/2016 23:14:20",1,3
"Izar",1617,4.5,10,"16/11/2016 23:16:16",1,4
"Izar",1617,4.5,10,"16/11/2016 23:17:14",1,5
"Izar",1617,4.5,10,"16/11/2016 23:25:20",1,1
"Izar",1617,4.5,10,"16/11/2016 23:25:23",1,2
"Izar",1617,4.5,10,"16/11/2016 23:25:59",1,3
"Izar",1617,4.5,10,"16/11/2016 23:27:46",1,4
"Izar",1617,4.5,10,"16/11/2016 23:28:40",1,5
"Izar",1617,4.5,10,"17/11/2016 11:44:08",1,1
"Izar",1617,4.5,10,"17/11/2016 11:44:12",1,2
"Izar",1617,4.5,10,"17/11/2016 11:44:42",1,3
"Izar",1617,4.5,10,"17/11/2016 11:45:47",1,4
"Izar",1617,4.5,10,"17/11/2016 11:46:16",1,5
"Izar",1617,4.5,10,"17/11/2016 12:33:51",1,1
"Izar",1617,4.5,10,"17/11/2016 12:33:54",1,2
"Izar",1617,4.5,10,"17/11/2016 12:35:41",1,4
"Izar",1617,4.5,10,"17/11/2016 12:36:19",1,5
"Izar",1617,4.5,10,"17/11/2016 12:39:22",1,1
"Izar",1617,4.5,10,"17/11/2016 12:39:25",1,2
"Izar",1617,4.5,10,"17/11/2016 12:41:18",1,4
"Izar",1617,4.5,10,"17/11/2016 12:41:59",1,5
"Izar",1617,4.5,10,"17/11/2016 12:42:15",2,1
"Izar",1617,4.5,10,"17/11/2016 12:42:19",2,2
"Izar",1617,4.5,10,"17/11/2016 12:44:15",2,4
"Izar",1617,4.5,10,"17/11/2016 12:45:03",2,3
"Izar",1617,4.5,10,"17/11/2016 12:56:18",2,1
"Izar",1617,4.5,10,"17/11/2016 12:56:21",2,2
"Izar",1617,4.5,10,"17/11/2016 12:58:20",2,4
"Izar",1617,4.5,10,"17/11/2016 12:59:12",2,3
"Izar",1617,4.5,10,"17/11/2016 13:06:07",2,1
"Izar",1617,4.5,10,"17/11/2016 13:06:09",2,2
"Izar",1617,4.5,10,"17/11/2016 13:08:15",2,4
"Izar",1617,4.5,10,"17/11/2016 13:09:15",2,3
"Izar",1617,4.5,10,"17/11/2016 13:15:45",2,1
"Izar",1617,4.5,10,"17/11/2016 13:15:49",2,2
"Izar",1617,4.5,10,"17/11/2016 13:17:56",2,4
"Izar",1617,4.5,10,"17/11/2016 13:19:04",2,3
"Izar",1617,4.5,10,"17/11/2016 13:24:59",2,1
"Izar",1617,4.5,10,"17/11/2016 13:25:02",2,2
"Izar",1617,4.5,10,"17/11/2016 13:26:55",2,4
"Izar",1617,4.5,10,"17/11/2016 13:27:48",2,3
"Izar",1617,4.5,10,"17/11/2016 13:29:56",2,1
"Izar",1617,4.5,10,"17/11/2016 13:29:59",2,2
"Izar",1617,4.5,10,"17/11/2016 13:30:23",2,1
"Izar",1617,4.5,10,"17/11/2016 13:30:26",2,2
"Izar",1617,4.5,10,"17/11/2016 17:55:04",2,1
"Izar",1617,4.5,10,"17/11/2016 17:55:15",2,2
"Izar",1617,4.5,10,"17/11/2016 18:01:08",2,4
"Izar",1617,4.5,10,"17/11/2016 18:03:15",2,3
"Izar",1617,4.5,10,"17/11/2016 18:14:55",2,1
"Izar",1617,4.5,10,"17/11/2016 18:15:06",2,2
"Izar",1617,4.5,10,"17/11/2016 18:21:29",2,1
"Izar",1617,4.5,10,"17/11/2016 18:21:39",2,2
"Izar",1617,4.5,10,"17/11/2016 18:27:39",2,4
"Izar",1617,4.5,10,"17/11/2016 18:30:11",2,3
"Izar",1617,4.5,10,"17/11/2016 18:38:34",2,5
"Izar",1617,4.5,10,"17/11/2016 18:46:52",2,1
"Izar",1617,4.5,10,"17/11/2016 18:46:59",2,2
"Izar",1617,4.5,10,"17/11/2016 18:50:28",2,4
"Izar",1617,4.5,10,"17/11/2016 18:51:59",2,3
"Izar",1617,4.5,10,"17/11/2016 18:58:22",2,5
"Izar",1617,4.5,10,"17/11/2016 19:03:03",2,1
"Izar",1617,4.5,10,"17/11/2016 19:03:06",2,2
"Izar",1617,4.5,10,"17/11/2016 19:04:50",2,4
"Izar",1617,4.5,10,"17/11/2016 19:05:35",2,3
"Izar",1617,4.5,10,"17/11/2016 19:08:43",2,5
"Izar",1617,4.5,10,"17/11/2016 19:13:55",3,1
"Izar",1617,4.5,10,"17/11/2016 19:13:59",3,2
"Izar",1617,4.5,10,"17/11/2016 19:15:50",3,3
"Izar",1617,4.5,10,"17/11/2016 19:17:20",3,4
"Izar",1617,4.5,10,"17/11/2016 19:18:02",3,5
"Izar",1617,4.5,10,"17/11/2016 19:18:47",4,1
"Izar",1617,4.5,10,"17/11/2016 19:18:50",4,2
"Izar",1617,4.5,10,"17/11/2016 19:20:39",4,3
"Izar",1617,4.5,10,"17/11/2016 19:24:18",4,4
"Izar",1617,4.5,10,"17/11/2016 19:24:54",4,5
"Izar",1617,4.5,10,"17/11/2016 19:26:16",5,1
"Izar",1617,4.5,10,"17/11/2016 19:26:18",5,2
"Izar",1617,4.5,10,"17/11/2016 19:27:59",5,3
"Izar",1617,4.5,10,"17/11/2016 19:30:44",5,4
"Izar",1617,4.5,10,"17/11/2016 19:31:34",5,5
"Izar",1617,4.5,10,"17/11/2016 19:33:05",6,1
"Izar",1617,4.5,10,"17/11/2016 19:33:07",6,2
"Izar",1617,4.5,10,"17/11/2016 19:34:49",6,3
"Izar",1617,4.5,10,"17/11/2016 19:52:43",6,1
"Izar",1617,4.5,10,"17/11/2016 19:52:46",6,2
"Izar",1617,4.5,10,"17/11/2016 19:54:28",6,3
"Izar",1617,4.5,10,"17/11/2016 20:08:36",7,1
"Izar",1617,4.5,10,"17/11/2016 20:08:41",7,2
"Izar",1617,4.5,10,"17/11/2016 20:10:24",7,3
"Izar",1617,4.5,10,"17/11/2016 20:14:21",7,4
"Izar",1617,4.5,10,"17/11/2016 20:14:53",7,5
"Izar",1617,4.5,10,"17/11/2016 20:20:34",8,1
"Izar",1617,4.5,10,"17/11/2016 20:20:41",8,2
"Izar",1617,4.5,10,"17/11/2016 20:24:59",8,3
"Izar",1617,4.5,10,"17/11/2016 20:39:58",8,4
"Izar",1617,4.5,10,"17/11/2016 20:41:44",8,5
"Izar",1617,4.5,10,"17/11/2016 20:45:25",8,1
"Izar",1617,4.5,10,"17/11/2016 20:45:35",8,2
"Izar",1617,4.5,10,"17/11/2016 20:51:02",8,3
"Izar",1617,4.5,10,"17/11/2016 21:34:28",6,1
"Izar",1617,4.5,10,"17/11/2016 21:34:37",6,2
"Izar",1617,4.5,10,"17/11/2016 21:40:28",6,3
"Izar",1617,4.5,10,"18/11/2016 9:00:37",6,1
"Izar",1617,4.5,10,"18/11/2016 9:00:40",6,2
"Izar",1617,4.5,10,"18/11/2016 9:01:34",6,3
"Izar",1617,4.5,10,"18/11/2016 9:07:42",6,4
"Izar",1617,4.5,10,"18/11/2016 9:08:05",6,5
"Izar",1617,4.5,10,"18/11/2016 9:08:56",6,1
"Izar",1617,4.5,10,"18/11/2016 9:08:58",6,2
"Izar",1617,4.5,10,"18/11/2016 9:09:57",6,3
"Izar",1617,4.5,10,"18/11/2016 9:33:29",6,1
"Izar",1617,4.5,10,"18/11/2016 9:33:32",6,2
"Izar",1617,4.5,10,"18/11/2016 9:34:36",6,3
"Izar",1617,4.5,10,"18/11/2016 10:00:04",6,1
"Izar",1617,4.5,10,"18/11/2016 10:00:07",6,2
"Izar",1617,4.5,10,"18/11/2016 10:01:10",6,3
"Izar",1617,4.5,10,"18/11/2016 12:11:25",1,1
"Izar",1617,4.5,10,"18/11/2016 12:11:32",1,2
"Izar",1617,4.5,10,"18/11/2016 12:14:43",1,4
"Izar",1617,4.5,10,"18/11/2016 12:15:53",1,5
"Izar",1617,4.5,10,"18/11/2016 12:18:52",1,1
"Izar",1617,4.5,10,"18/11/2016 12:18:59",1,2
"Izar",1617,4.5,10,"18/11/2016 12:24:16",1,1
"Izar",1617,4.5,10,"18/11/2016 12:24:23",1,2
"Izar",1617,4.5,10,"18/11/2016 12:27:40",1,1
"Izar",1617,4.5,10,"18/11/2016 12:27:42",1,2
"Izar",1617,4.5,10,"18/11/2016 12:28:10",1,3
"Izar",1617,4.5,10,"18/11/2016 12:31:40",1,1
"Izar",1617,4.5,10,"18/11/2016 12:31:41",1,2
"Izar",1617,4.5,10,"18/11/2016 12:32:10",1,3
"Izar",1617,4.5,10,"18/11/2016 12:38:18",1,1
"Izar",1617,4.5,10,"18/11/2016 12:38:21",1,2
"Izar",1617,4.5,10,"18/11/2016 12:38:50",1,1
"Izar",1617,4.5,10,"18/11/2016 12:38:52",1,2
"Izar",1617,4.5,10,"18/11/2016 12:39:05",1,1
"Izar",1617,4.5,10,"18/11/2016 12:39:07",1,2
"Izar",1617,4.5,10,"18/11/2016 12:39:41",1,3
"Izar",1617,4.5,10,"18/11/2016 12:54:12",1,1
"Izar",1617,4.5,10,"18/11/2016 12:54:13",1,2
"Izar",1617,4.5,10,"18/11/2016 12:54:44",1,3
"Izar",1617,4.5,10,"18/11/2016 12:57:31",1,1
"Izar",1617,4.5,10,"18/11/2016 12:57:32",1,2
"Izar",1617,4.5,10,"18/11/2016 12:58:05",1,3
"Izar",1617,4.5,10,"18/11/2016 13:07:32",1,1
"Izar",1617,4.5,10,"18/11/2016 13:07:33",1,2
"Izar",1617,4.5,10,"18/11/2016 13:08:03",1,3
"Izar",1617,4.5,10,"18/11/2016 13:11:27",1,1
"Izar",1617,4.5,10,"18/11/2016 13:11:28",1,2
"Izar",1617,4.5,10,"18/11/2016 13:11:54",1,3
"Izar",1617,4.5,10,"18/11/2016 13:28:18",1,1
"Izar",1617,4.5,10,"18/11/2016 13:28:20",1,2
"Izar",1617,4.5,10,"18/11/2016 13:28:55",1,3
"Izar",1617,4.5,10,"18/11/2016 13:33:04",6,1
"Izar",1617,4.5,10,"18/11/2016 13:33:05",6,2
"Izar",1617,4.5,10,"18/11/2016 13:33:35",6,3
"Izar",1617,4.5,10,"18/11/2016 13:36:52",6,4
"Izar",1617,4.5,10,"18/11/2016 13:37:02",6,5
"Izar",1617,4.5,10,"18/11/2016 13:40:28",1,1
"Izar",1617,4.5,10,"18/11/2016 13:40:29",1,2
"Izar",1617,4.5,10,"18/11/2016 13:40:48",1,4
"Izar",1617,4.5,10,"18/11/2016 13:40:54",1,5
"Izar",1617,4.5,10,"18/11/2016 13:43:18",1,1
"Izar",1617,4.5,10,"18/11/2016 13:43:19",1,2
"Izar",1617,4.5,10,"18/11/2016 13:43:47",1,3
"Izar",1617,4.5,10,"18/11/2016 13:56:37",1,1
"Izar",1617,4.5,10,"18/11/2016 13:56:40",1,2
"Izar",1617,4.5,10,"18/11/2016 13:56:45",1,1
"Izar",1617,4.5,10,"18/11/2016 13:56:46",1,2
"Izar",1617,4.5,10,"18/11/2016 13:57:12",1,1
"Izar",1617,4.5,10,"18/11/2016 13:57:14",1,2
"Izar",1617,4.5,10,"18/11/2016 13:57:45",1,3
"Izar",1617,4.5,10,"18/11/2016 14:13:52",1,1
"Izar",1617,4.5,10,"18/11/2016 14:14:03",1,2
"Izar",1617,4.5,10,"18/11/2016 14:15:02",1,1
"Izar",1617,4.5,10,"18/11/2016 14:15:12",1,2
"Izar",1617,4.5,10,"18/11/2016 14:16:15",1,1
"Izar",1617,4.5,10,"18/11/2016 14:16:25",1,2
"Izar",1617,4.5,10,"18/11/2016 15:40:56",1,1
"Izar",1617,4.5,10,"18/11/2016 15:41:03",1,2
"Izar",1617,4.5,10,"18/11/2016 15:41:54",1,1
"Izar",1617,4.5,10,"18/11/2016 15:42:01",1,2
"Izar",1617,4.5,10,"18/11/2016 15:42:58",1,1
"Izar",1617,4.5,10,"18/11/2016 15:43:34",1,1
"Izar",1617,4.5,10,"18/11/2016 15:43:41",1,2
"Izar",1617,4.5,10,"18/11/2016 15:46:37",1,4
"Izar",1617,4.5,10,"18/11/2016 15:47:42",1,5
"Izar",1617,4.5,10,"18/11/2016 15:48:42",1,1
"Izar",1617,4.5,10,"18/11/2016 15:48:49",1,2
"Izar",1617,4.5,10,"18/11/2016 15:50:40",1,1
"Izar",1617,4.5,10,"18/11/2016 15:50:58",1,1
"Izar",1617,4.5,10,"18/11/2016 15:51:52",1,1
"Izar",1617,4.5,10,"18/11/2016 15:51:59",1,2
"Izar",1617,4.5,10,"18/11/2016 15:52:41",2,1
"Izar",1617,4.5,10,"18/11/2016 15:52:48",2,2
"Izar",1617,4.5,10,"18/11/2016 15:55:15",2,1
"Izar",1617,4.5,10,"18/11/2016 15:55:22",2,2
"Izar",1617,4.5,10,"18/11/2016 15:57:06",2,1
"Izar",1617,4.5,10,"18/11/2016 15:57:14",2,2
"Izar",1617,4.5,10,"18/11/2016 15:58:49",2,1
"Izar",1617,4.5,10,"18/11/2016 15:58:56",2,2
"Izar",1617,4.5,10,"18/11/2016 15:59:32",2,1
"Izar",1617,4.5,10,"18/11/2016 16:02:01",2,1
"Izar",1617,4.5,10,"18/11/2016 16:02:07",2,2
"Izar",1617,4.5,10,"18/11/2016 19:07:59",2,1
"Izar",1617,4.5,10,"18/11/2016 19:08:03",2,2
"Izar",1617,4.5,10,"18/11/2016 19:09:44",2,4
"Izar",1617,4.5,10,"18/11/2016 19:10:28",2,3
"Izar",1617,4.5,10,"18/11/2016 19:13:26",2,5
"Izar",1617,4.5,10,"18/11/2016 19:17:09",6,1
"Izar",1617,4.5,10,"18/11/2016 19:17:13",6,2
"Izar",1617,4.5,10,"18/11/2016 19:19:29",6,3
"Izar",1617,4.5,10,"18/11/2016 19:49:40",2,1
"Izar",1617,4.5,10,"18/11/2016 19:51:03",2,1
"Izar",1617,4.5,10,"18/11/2016 19:51:27",2,1
"Izar",1617,4.5,10,"18/11/2016 19:52:29",2,1
"Izar",1617,4.5,10,"18/11/2016 19:54:18",2,1
"Izar",1617,4.5,10,"18/11/2016 19:54:24",2,2
"Izar",1617,4.5,10,"18/11/2016 19:56:33",2,4
"Izar",1617,4.5,10,"18/11/2016 19:57:23",2,3
"Izar",1617,4.5,10,"18/11/2016 20:00:55",2,5
"Izar",1617,4.5,10,"18/11/2016 20:02:17",1,1
"Izar",1617,4.5,10,"18/11/2016 20:06:03",1,1
"Izar",1617,4.5,10,"18/11/2016 20:06:53",1,1
"Izar",1617,4.5,10,"18/11/2016 20:08:59",1,1
"Izar",1617,4.5,10,"18/11/2016 20:10:09",1,1
"Izar",1617,4.5,10,"18/11/2016 20:11:13",1,1
"Izar",1617,4.5,10,"18/11/2016 20:11:17",1,2
"Izar",1617,4.5,10,"18/11/2016 20:12:54",1,4
"Izar",1617,4.5,10,"18/11/2016 20:13:27",1,5
"Izar",1617,4.5,10,"18/11/2016 20:14:03",1,1
"Izar",1617,4.5,10,"18/11/2016 20:14:10",1,2
"Izar",1617,4.5,10,"18/11/2016 20:16:32",1,4
"Izar",1617,4.5,10,"18/11/2016 20:17:18",1,5
"Izar",1617,4.5,10,"18/11/2016 20:18:23",1,1
"Izar",1617,4.5,10,"18/11/2016 20:20:10",1,1
"Izar",1617,4.5,10,"18/11/2016 20:23:23",1,1
"Izar",1617,4.5,10,"18/11/2016 20:25:19",1,1
"Izar",1617,4.5,10,"18/11/2016 20:25:55",1,1
"Izar",1617,4.5,10,"18/11/2016 20:26:37",1,1
"Izar",1617,4.5,10,"18/11/2016 20:28:02",1,1
"Izar",1617,4.5,10,"18/11/2016 20:28:50",1,1
"Izar",1617,4.5,10,"18/11/2016 20:28:54",1,2
"Izar",1617,4.5,10,"18/11/2016 20:30:31",1,4
"Izar",1617,4.5,10,"18/11/2016 20:31:03",1,5
"Izar",1617,4.5,10,"18/11/2016 20:31:40",1,1
"Izar",1617,4.5,10,"18/11/2016 20:33:30",1,1
"Izar",1617,4.5,10,"18/11/2016 20:34:41",1,1
"Izar",1617,4.5,10,"18/11/2016 20:34:45",1,2
"Izar",1617,4.5,10,"18/11/2016 20:36:17",1,4
"Izar",1617,4.5,10,"18/11/2016 20:36:48",1,5
"Izar",1617,4.5,10,"18/11/2016 20:38:18",1,1
"Izar",1617,4.5,10,"18/11/2016 20:38:22",1,2
"Izar",1617,4.5,10,"18/11/2016 20:40:04",1,4
"Izar",1617,4.5,10,"18/11/2016 20:40:36",1,5
"Izar",1617,4.5,10,"18/11/2016 20:44:13",6,1
"Izar",1617,4.5,10,"18/11/2016 20:44:17",6,2
"Izar",1617,4.5,10,"18/11/2016 20:46:42",6,3
"Izar",1617,4.5,10,"19/11/2016 12:55:59",6,1
"Izar",1617,4.5,10,"19/11/2016 12:56:04",6,2
"Izar",1617,4.5,10,"19/11/2016 13:02:01",6,3
"Izar",1617,4.5,10,"19/11/2016 13:30:29",6,4
"Izar",1617,4.5,10,"19/11/2016 13:32:19",6,5
"Izar",1617,4.5,10,"19/11/2016 13:35:33",1,1
"Izar",1617,4.5,10,"19/11/2016 13:35:38",1,2
"Izar",1617,4.5,10,"19/11/2016 13:40:00",6,1
"Izar",1617,4.5,10,"19/11/2016 13:40:05",6,2
"Izar",1617,4.5,10,"19/11/2016 13:42:26",6,3
"Izar",1617,4.5,10,"19/11/2016 13:58:06",6,4
"Izar",1617,4.5,10,"19/11/2016 14:02:11",9,1
"Izar",1617,4.5,10,"19/11/2016 14:03:17",9,1
"Izar",1617,4.5,10,"19/11/2016 14:03:21",9,2
"Izar",1617,4.5,10,"19/11/2016 14:05:33",9,3
"Izar",1617,4.5,10,"19/11/2016 14:07:52",9,4
"Izar",1617,4.5,10,"19/11/2016 14:28:56",1,1
"Izar",1617,4.5,10,"19/11/2016 14:30:53",1,1
"Izar",1617,4.5,10,"19/11/2016 14:32:22",1,1
"Izar",1617,4.5,10,"19/11/2016 14:35:05",1,1
"Izar",1617,4.5,10,"19/11/2016 14:35:57",1,1
"Izar",1617,4.5,10,"19/11/2016 14:36:00",1,2
"Izar",1617,4.5,10,"19/11/2016 14:37:06",1,4
"Izar",1617,4.5,10,"19/11/2016 14:37:27",1,5
"Izar",1617,4.5,10,"19/11/2016 14:38:03",1,1
"Izar",1617,4.5,10,"19/11/2016 14:38:06",1,2
"Izar",1617,4.5,10,"19/11/2016 14:39:36",1,3
"Izar",1617,4.5,10,"19/11/2016 15:01:43",1,1
"Izar",1617,4.5,10,"19/11/2016 15:01:47",1,2
"Izar",1617,4.5,10,"19/11/2016 15:03:29",1,3
"Izar",1617,4.5,10,"19/11/2016 15:24:24",6,1
"Izar",1617,4.5,10,"19/11/2016 15:24:26",6,2
"Izar",1617,4.5,10,"19/11/2016 15:26:00",6,3
"Izar",1617,4.5,10,"19/11/2016 15:26:53",6,4
"Izar",1617,4.5,10,"19/11/2016 15:27:27",6,5
"Izar",1617,4.5,10,"19/11/2016 15:32:42",2,1
"Izar",1617,4.5,10,"19/11/2016 15:32:45",2,2
"Izar",1617,4.5,10,"19/11/2016 15:33:49",2,4
"Izar",1617,4.5,10,"19/11/2016 15:34:16",2,3
"Izar",1617,4.5,10,"19/11/2016 15:36:26",2,5
"Izar",1617,4.5,10,"19/11/2016 15:37:58",3,1
"Izar",1617,4.5,10,"19/11/2016 15:38:03",3,2
"Izar",1617,4.5,10,"19/11/2016 15:39:32",3,3
"Izar",1617,4.5,10,"19/11/2016 15:41:47",3,4
"Izar",1617,4.5,10,"19/11/2016 15:42:23",3,5
"Izar",1617,4.5,10,"19/11/2016 15:43:14",4,1
"Izar",1617,4.5,10,"19/11/2016 15:43:18",4,2
"Izar",1617,4.5,10,"19/11/2016 15:44:47",4,3
"Izar",1617,4.5,10,"19/11/2016 15:50:04",4,4
"Izar",1617,4.5,10,"19/11/2016 15:50:38",4,5
"Izar",1617,4.5,10,"19/11/2016 16:02:25",2,1
"Izar",1617,4.5,10,"19/11/2016 16:02:32",2,2
"Izar",1617,4.5,10,"19/11/2016 16:04:44",2,4
"Izar",1617,4.5,10,"19/11/2016 16:05:43",2,3
"Izar",1617,4.5,10,"19/11/2016 16:10:10",2,5
"Izar",1617,4.5,10,"19/11/2016 16:14:34",2,1
"Izar",1617,4.5,10,"19/11/2016 16:14:40",2,2
"Izar",1617,4.5,10,"19/11/2016 16:16:52",2,4
"Izar",1617,4.5,10,"19/11/2016 16:17:53",2,3
"Izar",1617,4.5,10,"19/11/2016 16:22:29",2,5
"Izar",1617,4.5,10,"19/11/2016 16:22:49",2,1
"Izar",1617,4.5,10,"19/11/2016 16:22:55",2,2
"Izar",1617,4.5,10,"19/11/2016 16:24:34",2,1
"Izar",1617,4.5,10,"19/11/2016 16:24:41",2,2
"Izar",1617,4.5,10,"19/11/2016 16:26:54",2,4
"Izar",1617,4.5,10,"19/11/2016 16:27:54",2,3
"Izar",1617,4.5,10,"19/11/2016 16:36:07",2,1
"Izar",1617,4.5,10,"19/11/2016 16:36:13",2,2
"Izar",1617,4.5,10,"19/11/2016 16:38:33",2,1
"Izar",1617,4.5,10,"19/11/2016 16:38:39",2,2
"Izar",1617,4.5,10,"19/11/2016 16:40:53",2,4
"Izar",1617,4.5,10,"19/11/2016 16:41:51",2,3
"Izar",1617,4.5,10,"19/11/2016 16:46:21",2,5
"Izar",1617,4.5,10,"19/11/2016 16:55:10",2,1
"Izar",1617,4.5,10,"19/11/2016 16:55:15",2,2
"Izar",1617,4.5,10,"19/11/2016 16:57:29",2,4
"Izar",1617,4.5,10,"19/11/2016 16:58:28",2,3
"Izar",1617,4.5,10,"19/11/2016 17:02:44",2,5
"Izar",1617,4.5,10,"19/11/2016 18:53:10",5,1
"Izar",1617,4.5,10,"19/11/2016 18:53:16",5,2
"Izar",1617,4.5,10,"19/11/2016 18:54:55",5,3
"Izar",1617,4.5,10,"19/11/2016 18:57:38",5,4
"Izar",1617,4.5,10,"19/11/2016 18:58:27",5,5
"Izar",1617,4.5,10,"19/11/2016 18:59:46",7,1
"Izar",1617,4.5,10,"19/11/2016 18:59:50",7,2
"Izar",1617,4.5,10,"19/11/2016 19:01:26",7,3
"Izar",1617,4.5,10,"19/11/2016 19:06:26",7,4
"Izar",1617,4.5,10,"19/11/2016 19:07:02",7,5
"Izar",1617,4.5,10,"19/11/2016 19:11:36",8,1
"Izar",1617,4.5,10,"19/11/2016 19:11:39",8,2
"Izar",1617,4.5,10,"19/11/2016 19:13:21",8,3
"Izar",1617,4.5,10,"19/11/2016 19:23:19",8,4
"Izar",1617,4.5,10,"19/11/2016 19:23:56",8,5
"Izar",1617,4.5,10,"19/11/2016 19:24:33",8,1
"Izar",1617,4.5,10,"19/11/2016 19:24:35",8,2
"Izar",1617,4.5,10,"19/11/2016 19:26:07",8,3
"Izar",1617,4.5,10,"19/11/2016 20:55:42",1,1
"Izar",1617,4.5,10,"19/11/2016 20:55:46",1,2
"Izar",1617,4.5,10,"19/11/2016 20:57:30",1,3
"Izar",1617,4.5,10,"19/11/2016 20:58:29",1,4
"Izar",1617,4.5,10,"19/11/2016 20:59:02",1,5
"Izar",1617,4.5,10,"19/11/2016 21:00:59",1,1
"Izar",1617,4.5,10,"19/11/2016 21:01:03",1,2
"Izar",1617,4.5,10,"19/11/2016 21:02:14",1,4
"Izar",1617,4.5,10,"19/11/2016 21:02:38",1,5
"Izar",1617,4.5,10,"19/11/2016 21:03:05",2,1
"Izar",1617,4.5,10,"19/11/2016 21:03:08",2,2
"Izar",1617,4.5,10,"19/11/2016 21:04:40",2,3
"Izar",1617,4.5,10,"19/11/2016 21:06:53",2,1
"Izar",1617,4.5,10,"19/11/2016 21:07:53",2,1
"Izar",1617,4.5,10,"19/11/2016 21:07:58",2,2
"Izar",1617,4.5,10,"19/11/2016 21:09:54",2,1
"Izar",1617,4.5,10,"19/11/2016 21:09:59",2,2
"Izar",1617,4.5,10,"19/11/2016 21:11:33",2,3
"Izar",1617,4.5,10,"19/11/2016 21:14:57",2,1
"Izar",1617,4.5,10,"19/11/2016 21:15:02",2,2
"Izar",1617,4.5,10,"19/11/2016 21:16:31",2,3
"Izar",1617,4.5,10,"19/11/2016 21:16:38",2,4
"Izar",1617,4.5,10,"19/11/2016 21:17:31",2,5
"Izar",1617,4.5,10,"19/11/2016 21:18:15",6,1
"Izar",1617,4.5,10,"19/11/2016 21:18:18",6,2
"Izar",1617,4.5,10,"19/11/2016 21:19:49",6,3
"Izar",1617,4.5,10,"19/11/2016 21:21:26",6,4
"Izar",1617,4.5,10,"19/11/2016 21:22:00",6,5
"Izar",1617,4.5,10,"19/11/2016 21:23:39",6,1
"Izar",1617,4.5,10,"19/11/2016 21:23:42",6,2
"Izar",1617,4.5,10,"19/11/2016 21:25:09",6,3
"Izar",1617,4.5,10,"19/11/2016 21:39:29",6,1
"Izar",1617,4.5,10,"19/11/2016 21:39:33",6,2
"Izar",1617,4.5,10,"19/11/2016 21:44:59",2,1
"Izar",1617,4.5,10,"19/11/2016 21:45:03",2,2
"Izar",1617,4.5,10,"19/11/2016 21:46:35",2,3
"Izar",1617,4.5,10,"19/11/2016 21:46:42",2,4
"Izar",1617,4.5,10,"19/11/2016 21:47:43",2,5
"Izar",1617,4.5,10,"19/11/2016 21:56:21",2,1
"Izar",1617,4.5,10,"19/11/2016 21:56:26",2,2
"Izar",1617,4.5,10,"19/11/2016 21:57:38",2,4
"Izar",1617,4.5,10,"19/11/2016 21:57:58",2,3
"Izar",1617,4.5,10,"19/11/2016 21:58:30",2,5
"Izar",1617,4.5,10,"19/11/2016 21:59:05",6,1
"Izar",1617,4.5,10,"19/11/2016 21:59:11",6,2
"Izar",1617,4.5,10,"19/11/2016 22:00:48",6,3
"Izar",1617,4.5,10,"19/11/2016 22:02:49",6,4
"Izar",1617,4.5,10,"19/11/2016 22:05:19",6,5
"Izar",1617,4.5,10,"19/11/2016 22:06:06",6,1
"Izar",1617,4.5,10,"19/11/2016 22:06:10",6,2
"Izar",1617,4.5,10,"19/11/2016 22:07:44",6,3
"Izar",1617,4.5,10,"19/11/2016 22:18:04",6,1
"Izar",1617,4.5,10,"19/11/2016 22:18:08",6,2
"Izar",1617,4.5,10,"19/11/2016 22:51:17",2,1
"Izar",1617,4.5,10,"19/11/2016 22:51:31",2,2
"Izar",1617,4.5,10,"19/11/2016 23:01:31",2,1
"Izar",1617,4.5,10,"19/11/2016 23:01:34",2,2
"Izar",1617,4.5,10,"19/11/2016 23:03:05",2,3
"Izar",1617,4.5,10,"19/11/2016 23:09:47",2,1
"Izar",1617,4.5,10,"19/11/2016 23:09:50",2,2
"Izar",1617,4.5,10,"20/10/2016 10:09:11",0,0
"Izar",1617,4.5,10,"20/11/2016 10:56:39",2,1
"Izar",1617,4.5,10,"20/11/2016 10:57:51",2,2
"Izar",1617,4.5,10,"20/11/2016 11:26:47",2,3
"Izar",1617,4.5,10,"20/11/2016 11:28:48",2,4
"Izar",1617,4.5,10,"20/11/2016 11:41:07",2,5
"Izar",1617,4.5,10,"20/11/2016 11:47:02",2,1
"Izar",1617,4.5,10,"20/11/2016 11:47:05",2,2
"Izar",1617,4.5,10,"20/11/2016 11:48:48",2,3
"Izar",1617,4.5,10,"20/11/2016 12:08:44",2,1
"Izar",1617,4.5,10,"20/11/2016 12:08:48",2,2
"Izar",1617,4.5,10,"20/11/2016 12:10:03",2,1
"Izar",1617,4.5,10,"20/11/2016 12:10:07",2,2
"Izar",1617,4.5,10,"20/11/2016 12:11:40",2,3
"Izar",1617,4.5,10,"20/11/2016 12:32:07",1,1
"Izar",1617,4.5,10,"20/11/2016 12:32:09",1,2
"Izar",1617,4.5,10,"20/11/2016 12:41:01",1,1
"Izar",1617,4.5,10,"20/11/2016 12:41:05",1,2
"Izar",1617,4.5,10,"20/11/2016 12:43:21",1,1
"Izar",1617,4.5,10,"20/11/2016 12:43:25",1,2
"Izar",1617,4.5,10,"20/11/2016 12:44:40",1,1
"Izar",1617,4.5,10,"20/11/2016 12:44:43",1,2
"Izar",1617,4.5,10,"20/11/2016 12:45:02",1,4
"Izar",1617,4.5,10,"20/11/2016 12:45:08",1,5
"Izar",1617,4.5,10,"20/11/2016 12:46:40",1,1
"Izar",1617,4.5,10,"20/11/2016 12:46:42",1,2
"Izar",1617,4.5,10,"20/11/2016 12:47:08",1,3
"Izar",1617,4.5,10,"20/11/2016 12:55:26",1,4
"Izar",1617,4.5,10,"20/11/2016 12:55:34",1,5
"Izar",1617,4.5,10,"20/11/2016 12:56:37",1,1
"Izar",1617,4.5,10,"20/11/2016 12:56:39",1,2
"Izar",1617,4.5,10,"20/11/2016 12:57:03",1,3
"Izar",1617,4.5,10,"20/11/2016 13:07:12",1,4
"Izar",1617,4.5,10,"20/11/2016 13:07:26",1,5
"Izar",1617,4.5,10,"20/11/2016 13:09:10",1,1
"Izar",1617,4.5,10,"20/11/2016 13:09:12",1,2
"Izar",1617,4.5,10,"20/11/2016 13:09:37",1,3
"Izar",1617,4.5,10,"20/11/2016 13:19:25",1,4
"Izar",1617,4.5,10,"20/11/2016 13:19:37",1,5
"Izar",1617,4.5,10,"20/11/2016 13:20:11",1,1
"Izar",1617,4.5,10,"20/11/2016 13:20:13",1,2
"Izar",1617,4.5,10,"20/11/2016 13:20:37",1,3
"Izar",1617,4.5,10,"20/11/2016 13:24:25",1,1
"Izar",1617,4.5,10,"20/11/2016 13:24:27",1,2
"Izar",1617,4.5,10,"20/11/2016 13:24:51",1,3
"Izar",1617,4.5,10,"20/11/2016 13:50:12",9,1
"Izar",1617,4.5,10,"20/11/2016 13:50:13",9,2
"Izar",1617,4.5,10,"20/11/2016 13:50:37",9,3
"Izar",1617,4.5,10,"20/11/2016 13:50:47",9,4
"Izar",1617,4.5,10,"21/11/2016 18:41:35",3,1
"Izar",1617,4.5,10,"21/11/2016 18:41:37",3,2
"Izar",1617,4.5,10,"21/11/2016 18:42:04",3,3
"Izar",1617,4.5,10,"21/11/2016 18:42:31",3,4
"Izar",1617,4.5,10,"21/11/2016 18:42:41",3,5
"Izar",1617,4.5,10,"21/11/2016 18:43:48",3,1
"Izar",1617,4.5,10,"21/11/2016 18:43:50",3,2
"Izar",1617,4.5,10,"21/11/2016 18:44:15",3,3
"Izar",1617,4.5,10,"21/11/2016 18:44:44",3,4
"Izar",1617,4.5,10,"21/11/2016 18:44:54",3,5
"Izar",1617,4.5,10,"21/11/2016 18:45:42",3,1
"Izar",1617,4.5,10,"21/11/2016 18:45:45",3,2
"Izar",1617,4.5,10,"21/11/2016 18:46:17",3,3
"Izar",1617,4.5,10,"21/11/2016 18:46:50",3,4
"Izar",1617,4.5,10,"21/11/2016 18:46:59",3,5
"Izar",1617,4.5,10,"21/11/2016 18:53:35",2,1
"Izar",1617,4.5,10,"21/11/2016 18:53:37",2,2
"Izar",1617,4.5,10,"21/11/2016 18:53:54",2,4
"Izar",1617,4.5,10,"21/11/2016 18:54:02",2,3
"Izar",1617,4.5,10,"21/11/2016 18:54:34",2,5
"Izar",1617,4.5,10,"21/11/2016 18:58:08",2,1
"Izar",1617,4.5,10,"21/11/2016 18:58:09",2,2
"Izar",1617,4.5,10,"21/11/2016 18:58:37",2,3
"Izar",1617,4.5,10,"21/11/2016 19:10:24",2,4
"Izar",1617,4.5,10,"21/11/2016 19:10:38",2,5
"Izar",1617,4.5,10,"21/11/2016 19:12:37",4,1
"Izar",1617,4.5,10,"21/11/2016 19:12:38",4,2
"Izar",1617,4.5,10,"21/11/2016 19:13:06",4,3
"Izar",1617,4.5,10,"21/11/2016 19:14:19",4,4
"Izar",1617,4.5,10,"21/11/2016 19:14:53",4,5
"Izar",1617,4.5,10,"21/11/2016 19:16:03",4,1
"Izar",1617,4.5,10,"21/11/2016 19:16:05",4,2
"Izar",1617,4.5,10,"21/11/2016 19:16:31",4,3
"Izar",1617,4.5,10,"21/11/2016 19:18:03",4,4
"Izar",1617,4.5,10,"21/11/2016 19:18:13",4,5
"Izar",1617,4.5,10,"21/11/2016 19:18:44",4,1
"Izar",1617,4.5,10,"21/11/2016 19:18:45",4,2
"Izar",1617,4.5,10,"21/11/2016 19:19:14",4,3
"Izar",1617,4.5,10,"21/11/2016 19:20:24",4,4
"Izar",1617,4.5,10,"21/11/2016 19:20:57",4,5
"Izar",1617,4.5,10,"21/11/2016 19:21:08",5,1
"Izar",1617,4.5,10,"21/11/2016 19:21:09",5,2
"Izar",1617,4.5,10,"21/11/2016 19:21:35",5,3
"Izar",1617,4.5,10,"21/11/2016 19:22:52",5,4
"Izar",1617,4.5,10,"21/11/2016 19:23:05",5,5
"Izar",1617,4.5,10,"21/11/2016 19:24:40",5,1
"Izar",1617,4.5,10,"21/11/2016 19:24:41",5,2
"Izar",1617,4.5,10,"21/11/2016 19:25:07",5,3
"Izar",1617,4.5,10,"21/11/2016 19:26:05",5,4
"Izar",1617,4.5,10,"21/11/2016 19:26:15",5,5
"Izar",1617,4.5,10,"21/11/2016 19:28:01",1,1
"Izar",1617,4.5,10,"21/11/2016 19:28:02",1,2
"Izar",1617,4.5,10,"21/11/2016 19:28:20",1,4
"Izar",1617,4.5,10,"21/11/2016 19:28:26",1,5
"Izar",1617,4.5,10,"21/11/2016 19:30:10",7,1
"Izar",1617,4.5,10,"21/11/2016 19:30:11",7,2
"Izar",1617,4.5,10,"21/11/2016 19:30:13",7,3
"Izar",1617,4.5,10,"21/11/2016 19:31:26",7,4
"Izar",1617,4.5,10,"21/11/2016 19:31:35",7,5
"Izar",1617,4.5,10,"21/11/2016 19:32:09",7,1
"Izar",1617,4.5,10,"21/11/2016 19:32:10",7,2
"Izar",1617,4.5,10,"21/11/2016 19:32:12",7,3
"Izar",1617,4.5,10,"21/11/2016 19:34:12",7,4
"Izar",1617,4.5,10,"21/11/2016 19:34:25",7,5
"Izar",1617,4.5,10,"21/11/2016 19:35:04",8,1
"Izar",1617,4.5,10,"21/11/2016 19:35:05",8,2
"Izar",1617,4.5,10,"21/11/2016 19:35:29",8,3
"Izar",1617,4.5,10,"21/11/2016 19:36:26",8,4
"Izar",1617,4.5,10,"21/11/2016 19:36:45",8,5
"Izar",1617,4.5,10,"21/11/2016 19:37:19",8,1
"Izar",1617,4.5,10,"21/11/2016 19:37:20",8,2
"Izar",1617,4.5,10,"21/11/2016 19:37:44",8,3
"Izar",1617,4.5,10,"21/11/2016 19:39:00",8,4
"Izar",1617,4.5,10,"21/11/2016 19:39:09",8,5
"Izar",1617,4.5,10,"21/11/2016 19:39:50",9,1
"Izar",1617,4.5,10,"21/11/2016 19:39:51",9,2
"Izar",1617,4.5,10,"21/11/2016 19:40:16",9,3
"Izar",1617,4.5,10,"21/11/2016 19:40:57",9,4
"Izar",1617,4.5,10,"21/11/2016 19:44:07",3,1
"Izar",1617,4.5,10,"21/11/2016 19:44:09",3,2
"Izar",1617,4.5,10,"21/11/2016 19:44:32",3,3
"Izar",1617,4.5,10,"21/11/2016 19:44:59",3,4
"Izar",1617,4.5,10,"21/11/2016 19:45:08",3,5
"Izar",1617,4.5,10,"21/11/2016 19:49:14",3,1
"Izar",1617,4.5,10,"21/11/2016 19:49:15",3,2
"Izar",1617,4.5,10,"21/11/2016 19:49:38",3,3
"Izar",1617,4.5,10,"21/11/2016 19:50:04",3,4
"Izar",1617,4.5,10,"21/11/2016 19:50:12",3,5
"Izar",1617,4.5,10,"21/11/2016 19:51:44",3,1
"Izar",1617,4.5,10,"21/11/2016 19:51:46",3,2
"Izar",1617,4.5,10,"21/11/2016 19:52:09",3,3
"Izar",1617,4.5,10,"21/11/2016 19:52:37",3,4
"Izar",1617,4.5,10,"21/11/2016 19:52:45",3,5
"Izar",1617,4.5,10,"21/11/2016 19:54:45",3,1
"Izar",1617,4.5,10,"21/11/2016 19:54:47",3,2
"Izar",1617,4.5,10,"21/11/2016 19:55:10",3,3
"Izar",1617,4.5,10,"21/11/2016 19:55:36",3,4
"Izar",1617,4.5,10,"21/11/2016 19:55:45",3,5
"Izar",1617,4.5,10,"21/11/2016 19:58:21",3,1
"Izar",1617,4.5,10,"21/11/2016 19:58:23",3,2
"Izar",1617,4.5,10,"21/11/2016 19:58:46",3,3
"Izar",1617,4.5,10,"21/11/2016 19:59:12",3,4
"Izar",1617,4.5,10,"21/11/2016 19:59:21",3,5
"Izar",1617,4.5,10,"21/11/2016 20:00:27",5,1
"Izar",1617,4.5,10,"21/11/2016 20:00:28",5,2
"Izar",1617,4.5,10,"21/11/2016 20:00:52",5,3
"Izar",1617,4.5,10,"21/11/2016 20:01:48",5,4
"Izar",1617,4.5,10,"21/11/2016 20:01:57",5,5
"Izar",1617,4.5,10,"21/11/2016 23:29:29",2,1
"Izar",1617,4.5,10,"21/11/2016 23:29:30",2,2
"Izar",1617,4.5,10,"21/11/2016 23:36:44",1,1
"Izar",1617,4.5,10,"21/11/2016 23:36:45",1,2
"Izar",1617,4.5,10,"21/11/2016 23:37:10",1,3
"Izar",1617,4.5,10,"21/11/2016 23:44:15",1,1
"Izar",1617,4.5,10,"21/11/2016 23:44:16",1,2
"Izar",1617,4.5,10,"21/11/2016 23:44:32",1,4
"Izar",1617,4.5,10,"21/11/2016 23:44:38",1,5
"Izar",1617,4.5,10,"21/11/2016 23:45:10",2,1
"Izar",1617,4.5,10,"21/11/2016 23:45:11",2,2
"Izar",1617,4.5,10,"21/11/2016 23:45:31",2,4
"Izar",1617,4.5,10,"21/11/2016 23:45:36",2,3
"Izar",1617,4.5,10,"21/11/2016 23:45:45",2,5
"Izar",1617,4.5,10,"21/11/2016 23:46:36",3,1
"Izar",1617,4.5,10,"21/11/2016 23:46:38",3,2
"Izar",1617,4.5,10,"21/11/2016 23:47:01",3,3
"Izar",1617,4.5,10,"21/11/2016 23:47:27",3,4
"Izar",1617,4.5,10,"21/11/2016 23:47:35",3,5
"Izar",1617,4.5,10,"21/11/2016 23:48:29",6,1
"Izar",1617,4.5,10,"21/11/2016 23:48:29",6,2
"Izar",1617,4.5,10,"21/11/2016 23:48:53",6,3
"Izar",1617,4.5,10,"21/11/2016 23:49:20",6,4
"Izar",1617,4.5,10,"21/11/2016 23:49:55",6,5
"Izar",1617,4.5,10,"21/11/2016 23:50:58",6,1
"Izar",1617,4.5,10,"21/11/2016 23:50:58",6,2
"Izar",1617,4.5,10,"21/11/2016 23:51:22",6,3
"Izar",1617,4.5,10,"21/11/2016 23:59:46",6,4
"Izar",1617,4.5,10,"21/11/2016 23:59:54",6,5
"Izar",1617,4.5,10,"22/11/2016 0:01:52",2,1
"Izar",1617,4.5,10,"22/11/2016 0:01:53",2,2
"Izar",1617,4.5,10,"22/11/2016 0:02:10",2,4
"Izar",1617,4.5,10,"22/11/2016 0:02:17",2,3
"Izar",1617,4.5,10,"22/11/2016 0:02:46",2,5
"Izar",1617,4.5,10,"22/11/2016 0:03:39",2,1
"Izar",1617,4.5,10,"22/11/2016 0:03:40",2,2
"Izar",1617,4.5,10,"22/11/2016 0:04:00",2,4
"Izar",1617,4.5,10,"22/11/2016 0:04:05",2,3
"Izar",1617,4.5,10,"22/11/2016 0:04:14",2,5
"Izar",1617,4.5,10,"22/11/2016 0:06:43",2,1
"Izar",1617,4.5,10,"22/11/2016 0:06:44",2,2
"Izar",1617,4.5,10,"22/11/2016 0:07:00",2,4
"Izar",1617,4.5,10,"22/11/2016 0:07:07",2,3
"Izar",1617,4.5,10,"22/11/2016 0:07:37",2,5
"Izar",1617,4.5,10,"22/11/2016 0:08:45",2,1
"Izar",1617,4.5,10,"22/11/2016 0:08:46",2,2
"Izar",1617,4.5,10,"22/11/2016 0:09:03",2,4
"Izar",1617,4.5,10,"22/11/2016 0:09:11",2,3
"Izar",1617,4.5,10,"22/11/2016 0:09:41",2,5
"Izar",1617,4.5,10,"22/11/2016 12:31:09",2,1
"Izar",1617,4.5,10,"22/11/2016 12:31:12",2,2
"Izar",1617,4.5,10,"22/11/2016 12:31:37",2,3
"Izar",1617,4.5,10,"22/11/2016 12:32:11",2,4
"Izar",1617,4.5,10,"22/11/2016 12:32:20",2,5
"Izar",1617,4.5,10,"22/11/2016 12:33:11",2,1
"Izar",1617,4.5,10,"22/11/2016 12:33:13",2,2
"Izar",1617,4.5,10,"22/11/2016 12:33:38",2,3
"Izar",1617,4.5,10,"22/11/2016 12:34:12",2,4
"Izar",1617,4.5,10,"22/11/2016 12:34:20",2,5
"Izar",1617,4.5,10,"22/11/2016 12:34:50",2,1
"Izar",1617,4.5,10,"22/11/2016 12:34:53",2,2
"Izar",1617,4.5,10,"22/11/2016 12:35:16",2,3
"Izar",1617,4.5,10,"22/11/2016 12:38:46",2,4
"Izar",1617,4.5,10,"22/11/2016 12:38:54",2,5
"Izar",1617,4.5,10,"22/11/2016 12:39:31",3,1
"Izar",1617,4.5,10,"22/11/2016 12:39:33",3,2
"Izar",1617,4.5,10,"22/11/2016 12:39:56",3,3
"Izar",1617,4.5,10,"22/11/2016 12:40:23",3,4
"Izar",1617,4.5,10,"22/11/2016 12:40:31",3,5
"Izar",1617,4.5,10,"22/11/2016 12:45:21",3,1
"Izar",1617,4.5,10,"22/11/2016 12:45:28",3,2
"Izar",1617,4.5,10,"22/11/2016 12:47:07",3,3
"Izar",1617,4.5,10,"22/11/2016 12:48:18",3,4
"Izar",1617,4.5,10,"22/11/2016 12:48:58",3,5
"Izar",1617,4.5,10,"22/11/2016 12:50:15",5,1
"Izar",1617,4.5,10,"22/11/2016 12:50:20",5,2
"Izar",1617,4.5,10,"22/11/2016 12:51:56",5,3
"Izar",1617,4.5,10,"22/11/2016 12:54:34",5,4
"Izar",1617,4.5,10,"22/11/2016 12:55:23",5,5
"Izar",1617,4.5,10,"22/11/2016 12:57:07",5,1
"Izar",1617,4.5,10,"22/11/2016 12:57:11",5,2
"Izar",1617,4.5,10,"22/11/2016 12:57:34",5,3
"Izar",1617,4.5,10,"22/11/2016 12:58:31",5,4
"Izar",1617,4.5,10,"22/11/2016 12:58:40",5,5
"Izar",1617,4.5,10,"22/11/2016 13:06:50",3,1
"Izar",1617,4.5,10,"22/11/2016 13:06:53",3,2
"Izar",1617,4.5,10,"22/11/2016 13:07:15",3,3
"Izar",1617,4.5,10,"22/11/2016 13:07:41",3,4
"Izar",1617,4.5,10,"22/11/2016 13:07:50",3,5
"Izar",1617,4.5,10,"22/11/2016 13:08:23",3,1
"Izar",1617,4.5,10,"22/11/2016 13:08:25",3,2
"Izar",1617,4.5,10,"22/11/2016 13:08:48",3,3
"Izar",1617,4.5,10,"22/11/2016 13:09:11",3,4
"Izar",1617,4.5,10,"22/11/2016 13:09:20",3,5
"Izar",1617,4.5,10,"22/11/2016 13:10:41",3,1
"Izar",1617,4.5,10,"22/11/2016 13:10:44",3,2
"Izar",1617,4.5,10,"22/11/2016 13:11:06",3,3
"Izar",1617,4.5,10,"22/11/2016 13:11:32",3,4
"Izar",1617,4.5,10,"22/11/2016 13:11:40",3,5
"Izar",1617,4.5,10,"22/11/2016 13:12:32",3,1
"Izar",1617,4.5,10,"22/11/2016 13:12:35",3,2
"Izar",1617,4.5,10,"22/11/2016 13:12:58",3,3
"Izar",1617,4.5,10,"22/11/2016 13:13:23",3,4
"Izar",1617,4.5,10,"22/11/2016 13:13:32",3,5
"Izar",1617,4.5,10,"22/11/2016 23:08:09",1,1
"Izar",1617,4.5,10,"22/11/2016 23:08:11",1,2
"Izar",1617,4.5,10,"22/11/2016 23:08:28",1,4
"Izar",1617,4.5,10,"22/11/2016 23:08:34",1,5
"Izar",1617,4.5,10,"22/11/2016 23:08:45",2,1
"Izar",1617,4.5,10,"22/11/2016 23:08:46",2,2
"Izar",1617,4.5,10,"22/11/2016 23:09:06",2,4
"Izar",1617,4.5,10,"22/11/2016 23:09:11",2,3
"Izar",1617,4.5,10,"22/11/2016 23:09:20",2,5
"Izar",1617,4.5,10,"22/11/2016 23:12:59",6,1
"Izar",1617,4.5,10,"22/11/2016 23:13:00",6,2
"Izar",1617,4.5,10,"22/11/2016 23:13:25",6,3
"Izar",1617,4.5,10,"22/11/2016 23:13:55",6,4
"Izar",1617,4.5,10,"22/11/2016 23:14:34",6,5
